{"type":"Feature","properties":{"shapeName":"Santa Cruz","shapeISO":"BO-S","shapeID":"26024454B26939592883549","shapeGroup":"BOL","shapeType":"ADM1"},"geometry":{"type":"Polygon","coordinates":[[[-64.72966075097527,-15.80201121035528],[-64.72901582080556,-15.813870023005903],[-64.7303537231312,-15.8198960994934],[-64.73317466871677,-15.825718673657283],[-64.74317767635443,-15.83798021655137],[-64.74498131641157,-15.85205129814816],[-64.75030598157014,-15.861111245022572],[-64.75124403371517,-15.866565395445162],[-64.74900443408755,-15.870895403820393],[-64.73636494922063,-15.874695863006147],[-64.73026565860388,-15.879248301880375],[-64.72298947907797,-15.896784128345507],[-64.72521175011734,-15.90194071901828],[-64.72918195626188,-15.903058822750635],[-64.73154999084925,-15.902081648076036],[-64.7399807385928,-15.892240249440368],[-64.74591270772986,-15.891234215073355],[-64.7465571588633,-15.897074021924427],[-64.73259261171995,-15.908205794034656],[-64.73044057990622,-15.911289304973684],[-64.72970340073064,-15.917715182556966],[-64.73041785224335,-15.920200786118963],[-64.73489423481935,-15.922560350182566],[-64.74558495804504,-15.922090848974344],[-64.75076695548181,-15.925862480233564],[-64.75540339693124,-15.942134685640772],[-64.75619458721822,-15.950221212584479],[-64.75366157288757,-15.95307518179193],[-64.73308792596548,-15.948837432953598],[-64.72682138970917,-15.951240522294716],[-64.72614701526932,-15.955607165862338],[-64.73291827538488,-15.970495712481911],[-64.74171543235931,-15.979434011613689],[-64.74001359498438,-15.981571001303072],[-64.72880252717125,-15.981661416849766],[-64.72457324175595,-15.979629527209847],[-64.72406269673156,-15.968500993446098],[-64.71986366273896,-15.963025647543736],[-64.71357649367768,-15.963075782853506],[-64.70952138343719,-15.967526673810637],[-64.71097240038307,-15.977729675854766],[-64.73163053059594,-15.993184408067416],[-64.73361336451414,-15.996095023732524],[-64.73408554631945,-16.002690406946314],[-64.73097152197981,-16.00621596880761],[-64.72746886590778,-16.005957249171054],[-64.71752229086675,-16.0014462479488],[-64.70867808507573,-16.00094292712192],[-64.70240816256131,-16.004573533992968],[-64.70094542454633,-16.006995297122025],[-64.70151824568157,-16.011581564815735],[-64.70567946200119,-16.01252409080668],[-64.71579263239217,-16.00871350014615],[-64.72321579984809,-16.00951482669216],[-64.72673923926183,-16.01218358917152],[-64.73053519591306,-16.018924373497356],[-64.73274609109902,-16.03446912683487],[-64.7316400625239,-16.03694558095593],[-64.72679293233342,-16.03910789461534],[-64.72370306711001,-16.03861630220741],[-64.71951074049446,-16.03411659454582],[-64.72041086517521,-16.02837092677528],[-64.72593002990835,-16.02157818633333],[-64.72597406407729,-16.0197989157247],[-64.72328207550453,-16.017238248232253],[-64.71925803978006,-16.01847559628694],[-64.71426357080487,-16.02419663111877],[-64.7024941470056,-16.028708989286862],[-64.70201225132072,-16.034853004701787],[-64.71598349699745,-16.058762813569338],[-64.71352505226149,-16.062742031729556],[-64.70950152372971,-16.06415142764793],[-64.70467127800374,-16.061435478436536],[-64.69902687272182,-16.053675996102797],[-64.69652874914483,-16.053007176394026],[-64.69321588832166,-16.054238474488002],[-64.69505598947187,-16.068306197142512],[-64.69054802611193,-16.0756297531477],[-64.69011689874736,-16.080797812027832],[-64.69288036013545,-16.084724040453942],[-64.69728781807424,-16.08652541531611],[-64.69941709843694,-16.085647730548757],[-64.70146649555312,-16.082360503734805],[-64.70046372551296,-16.07611354025017],[-64.70254697636736,-16.06984203473064],[-64.7079778004291,-16.06641306776418],[-64.7115948185249,-16.06603986838327],[-64.7189201758927,-16.069022539036844],[-64.72215142890028,-16.072095310398915],[-64.72700741277154,-16.077737200647498],[-64.7271558440017,-16.081179047643623],[-64.71505728245904,-16.082251943672887],[-64.70787317464357,-16.08890865853799],[-64.69801171954047,-16.087896902718597],[-64.6918576313226,-16.09011484235659],[-64.68844920171472,-16.09415874173009],[-64.68871960225907,-16.098058782409915],[-64.69682679466199,-16.102126257746725],[-64.69965407952608,-16.106522401273715],[-64.69779179030157,-16.110898450031563],[-64.68879147889349,-16.116375481837075],[-64.68641808225614,-16.116509015725022],[-64.68289313135048,-16.113839738751878],[-64.68215215741779,-16.103401493741927],[-64.67789789068654,-16.09867198011799],[-64.6678296263052,-16.094274738742975],[-64.66340154460647,-16.097121143662648],[-64.66929788349447,-16.10660114580834],[-64.67174426488401,-16.115189809364516],[-64.67485841025297,-16.118436357222443],[-64.68272046993653,-16.121519215842028],[-64.68452698846684,-16.12454636549475],[-64.68349240101327,-16.128571478255445],[-64.67371042539789,-16.137256230568397],[-64.67244340558454,-16.141914370687893],[-64.67390911836733,-16.153827487498617],[-64.68188288089245,-16.169947200776235],[-64.6816829365185,-16.181402780220033],[-64.68420555197183,-16.1847685146217],[-64.68766176254493,-16.186175727739204],[-64.69180075839917,-16.184076996771076],[-64.69361166592186,-16.180562132664733],[-64.69085419447921,-16.170541777181413],[-64.6946419742002,-16.169077038091928],[-64.70035472837604,-16.177466967585204],[-64.70734473113532,-16.182403400239316],[-64.70820613469341,-16.185896910760455],[-64.70657705276689,-16.189812109051005],[-64.70368434822583,-16.191809324155322],[-64.6833359617893,-16.201267744747582],[-64.67148849312638,-16.20486175971046],[-64.6700333188088,-16.208373683546114],[-64.67206238725353,-16.22361060003606],[-64.67739112254024,-16.23564226534136],[-64.67445631994828,-16.239797152997248],[-64.66733405008098,-16.24048451705083],[-64.66586024001357,-16.2418159537106],[-64.66626334332314,-16.250179489838168],[-64.66477451458685,-16.256790443223956],[-64.67336528867521,-16.261083977477952],[-64.68410394924577,-16.273382369259622],[-64.69317912367806,-16.285532739102237],[-64.69276895074671,-16.293122177701854],[-64.68987891002753,-16.2956128107636],[-64.6876202414041,-16.295516088601588],[-64.6807821212577,-16.287938475355908],[-64.67779742934862,-16.28629803353317],[-64.67096085291814,-16.285835702990077],[-64.65529569973071,-16.288254291395006],[-64.64997216907788,-16.291107762477985],[-64.64665138796067,-16.2961605815319],[-64.64744583268188,-16.298794101542235],[-64.64953544129656,-16.29998288539244],[-64.6637174067312,-16.304749395559888],[-64.67398135330359,-16.30989028939816],[-64.67841805422181,-16.314526148485086],[-64.68031831733862,-16.32133974222799],[-64.67772874575896,-16.32428693332325],[-64.67208464244624,-16.324446496193808],[-64.6560305323015,-16.316309691243546],[-64.65085087848179,-16.315145173807018],[-64.64634504003543,-16.316385438509606],[-64.64400464328925,-16.320764933811304],[-64.6452942349675,-16.32574737457447],[-64.64811307979811,-16.32882415989637],[-64.65828859158995,-16.33040858261331],[-64.66517357112177,-16.336402666534518],[-64.66682087688078,-16.341439474978536],[-64.66565279943383,-16.357883568767313],[-64.67350053492062,-16.36510914392347],[-64.67681218358294,-16.363131744255554],[-64.67910855930185,-16.353645099767007],[-64.68471804241658,-16.349353919568095],[-64.70151443599123,-16.34256250450897],[-64.70585605746432,-16.34292910319602],[-64.7087983899514,-16.34640565218036],[-64.7088373160993,-16.350881228470378],[-64.7059606821011,-16.354978748848488],[-64.70086508380561,-16.356798832565033],[-64.69200491348604,-16.356296345705886],[-64.6867446260105,-16.35972416911767],[-64.68720454322778,-16.364827635181555],[-64.69317414631101,-16.36782104634254],[-64.69613573982109,-16.37350112187069],[-64.69574498668209,-16.37643082542769],[-64.69267456609488,-16.378808267847333],[-64.68552963355869,-16.378808240251985],[-64.66454060720716,-16.371113692039437],[-64.65985047010057,-16.37178195541634],[-64.65625002024346,-16.374794304551273],[-64.65645644249643,-16.378120974947407],[-64.67941207902668,-16.40799614234424],[-64.68321411583561,-16.41083489135618],[-64.69606152122786,-16.414078902033957],[-64.69887930757194,-16.41764257336834],[-64.69848111828738,-16.42171043369914],[-64.69516499795277,-16.424965042889205],[-64.6813691914555,-16.42674969822587],[-64.6767035292153,-16.431568994301145],[-64.67835276703939,-16.436098674068866],[-64.68689155647144,-16.44228257168453],[-64.6876105468386,-16.44664030659549],[-64.68555375128544,-16.452335410443027],[-64.67593165145261,-16.464307697337432],[-64.67328930607145,-16.474012293219616],[-64.6740521584591,-16.476277622236168],[-64.67748027524449,-16.478700924499556],[-64.6821303856573,-16.479141794378556],[-64.69203213216963,-16.470813161630467],[-64.69696991892901,-16.468740887368767],[-64.70260461096082,-16.46845605155641],[-64.70901401583113,-16.471751158231307],[-64.71108385514832,-16.474663151787816],[-64.7124522373484,-16.482338824412153],[-64.70988353736324,-16.48612556041425],[-64.70480380730221,-16.486167018206743],[-64.69738562000497,-16.4809074721136],[-64.6918000367114,-16.47975722581353],[-64.68835331013373,-16.482355345565665],[-64.68794298726596,-16.485048487990824],[-64.68882995923205,-16.487312741331024],[-64.69294352518818,-16.490148638014198],[-64.70839882400858,-16.49343005417912],[-64.71120717966079,-16.495750208705225],[-64.71145296297884,-16.50256235768338],[-64.70260286590295,-16.510763838554972],[-64.70141030261757,-16.516093399303877],[-64.70626858097275,-16.53166656537578],[-64.71120470030166,-16.536288456373434],[-64.72074020807393,-16.53543298016072],[-64.72333098788435,-16.53409659521828],[-64.72644909906516,-16.529348769718155],[-64.72642094069637,-16.526181043598875],[-64.71857082443073,-16.514362937784817],[-64.71989104066999,-16.50951045391747],[-64.72278756484197,-16.50775317383274],[-64.73961820503169,-16.505282600091064],[-64.74601544453621,-16.507022419858075],[-64.75077447605388,-16.512601191748473],[-64.75026370263467,-16.517805655707207],[-64.74178032250555,-16.525312271919923],[-64.74012311610642,-16.5339930939819],[-64.74264184005236,-16.53845499865706],[-64.75202527281267,-16.54136500368307],[-64.75738394598187,-16.544607376410625],[-64.76122349652746,-16.551149878323123],[-64.75926441336341,-16.55379637953108],[-64.75380799593522,-16.55348373011681],[-64.75017238951894,-16.555785625893378],[-64.7471868719106,-16.58207450642727],[-64.74862285206753,-16.590083836707066],[-64.75045055344079,-16.593415688006992],[-64.76499774805832,-16.60487644985188],[-64.77825362868919,-16.610561257988017],[-64.7811291970146,-16.61316654985861],[-64.79053031600463,-16.631240697701088],[-64.7892623058395,-16.63489763593927],[-64.78722928154293,-16.636289877875498],[-64.7722356288167,-16.637374803706095],[-64.75749428221171,-16.65256256251465],[-64.75530640772888,-16.657422575938885],[-64.75838561367945,-16.668693243920007],[-64.75795777339047,-16.67887710568615],[-64.75895133265716,-16.681737682197372],[-64.76345213820603,-16.68564427760072],[-64.76852203853342,-16.686676894866903],[-64.7725244227302,-16.684921258985607],[-64.77352649409431,-16.68060918326565],[-64.76697973254498,-16.664598727215918],[-64.76759209034066,-16.65835341164713],[-64.77320564337836,-16.653858512522667],[-64.7797739699649,-16.65609742673554],[-64.78339297322313,-16.66123050202347],[-64.78422281496059,-16.678508990037255],[-64.78748969755019,-16.685724979524796],[-64.79281795027731,-16.690513106436466],[-64.80707521233013,-16.69512285260214],[-64.81009838580782,-16.700045349723435],[-64.80927431405405,-16.707368364642516],[-64.80648487491766,-16.711481003835626],[-64.80048844734496,-16.714904344136993],[-64.79007538595854,-16.715640323414338],[-64.7824638184397,-16.721515791044094],[-64.78001057867601,-16.729856973587875],[-64.78357110737002,-16.744529713100686],[-64.7877051352401,-16.748797377509216],[-64.79262928161582,-16.749973950998875],[-64.79714226006809,-16.746994009827276],[-64.80004483046982,-16.739007381965997],[-64.80388014181219,-16.735244272406124],[-64.81441515979844,-16.731565784254798],[-64.82447792372163,-16.72523721856295],[-64.83177085167108,-16.7251009440479],[-64.84034194877496,-16.73406176944311],[-64.84241285590971,-16.740426578832512],[-64.8409738770039,-16.74560342285024],[-64.83420308622466,-16.749396715241193],[-64.82986240419893,-16.75632063442355],[-64.82966699120205,-16.76079785512511],[-64.8356657589818,-16.773056853747647],[-64.8341952466197,-16.774982545415284],[-64.83060399648625,-16.775731715435526],[-64.81848469717042,-16.766993243426864],[-64.80737390960371,-16.76245288023611],[-64.80171556289085,-16.76240678271742],[-64.79637381795398,-16.764366031645938],[-64.79402846844293,-16.7683073542655],[-64.79685887730292,-16.773733684706126],[-64.8017289042195,-16.77436056927314],[-64.80832142359257,-16.768182428162348],[-64.81228260522133,-16.76719132218959],[-64.81607428398812,-16.769261816973568],[-64.81659145762093,-16.771456761138747],[-64.81544213213645,-16.77586589759611],[-64.8086330034321,-16.780133551702658],[-64.80451183538742,-16.7852381453356],[-64.80407962923681,-16.79203172903626],[-64.80170384460166,-16.796967974399923],[-64.79774198354085,-16.797958938358192],[-64.7885900993652,-16.79603043620227],[-64.78138250724498,-16.800300759219688],[-64.77894432052287,-16.805007820852246],[-64.78050576180367,-16.81274048688809],[-64.79019073680875,-16.818489895748733],[-64.79262748906464,-16.824206527591034],[-64.79090592628653,-16.841760294206775],[-64.78944435984647,-16.844737604143678],[-64.77780427103285,-16.853082200317726],[-64.76934166693582,-16.861475330679287],[-64.76685277289376,-16.86082736641198],[-64.76332118018881,-16.854832937140706],[-64.75904413356562,-16.8521683788324],[-64.75369462565094,-16.853057393405823],[-64.74514048507018,-16.85160020645161],[-64.74256298351834,-16.852100278617154],[-64.73961151018203,-16.85514733289476],[-64.7397370554284,-16.858015263354986],[-64.74194895369989,-16.86096111448957],[-64.76613216644537,-16.866300931056],[-64.76912658027373,-16.867900855204542],[-64.7703664075353,-16.873054265253373],[-64.76511300260965,-16.877403013893943],[-64.76064114324267,-16.87715459068616],[-64.75475678546616,-16.874527361623592],[-64.74474717193239,-16.866101502708297],[-64.74176259376999,-16.86555308202059],[-64.73701840362793,-16.868079792335877],[-64.73635467127698,-16.871528209827613],[-64.73849713756482,-16.877726197604225],[-64.74758511632298,-16.88309994824869],[-64.7583411484031,-16.886202016042883],[-64.76076652425837,-16.890675882301142],[-64.75675094975799,-16.896830829512332],[-64.75149637312124,-16.897927813457702],[-64.74381302964335,-16.894168109806806],[-64.74046426306971,-16.886450347011827],[-64.73460079146288,-16.88611755826087],[-64.73223539502736,-16.888145874656512],[-64.72880699934304,-16.893434679159835],[-64.72806639319374,-16.89937019692521],[-64.73256413722217,-16.90239243215227],[-64.73822507453494,-16.902248792365004],[-64.74430529318101,-16.904492237688206],[-64.75023465124521,-16.91190092356286],[-64.74998697966116,-16.917354079506374],[-64.74841258502046,-16.918993296291173],[-64.7420593323541,-16.91952568918663],[-64.73554975346235,-16.913843080164003],[-64.73188130591404,-16.91463924200348],[-64.72170590341301,-16.92092220500846],[-64.72026529846852,-16.92638543569701],[-64.72327779994852,-16.92989848809906],[-64.72635400930848,-16.92948999036964],[-64.73176549287302,-16.923706229315815],[-64.73643190335451,-16.923379744077682],[-64.73935319028554,-16.927754006413497],[-64.73492305009644,-16.93219076889668],[-64.73477782129439,-16.938025597175887],[-64.73937598972503,-16.941046732806885],[-64.74671640710261,-16.939740865336194],[-64.7467402431839,-16.94232272939723],[-64.73942522861995,-16.946401729080318],[-64.73560136201836,-16.951980958819057],[-64.72936378646097,-16.95442472259049],[-64.72317832226838,-16.951703684829155],[-64.7159396066436,-16.942392593821786],[-64.71325276834571,-16.941936986052674],[-64.71018927968909,-16.94377970286648],[-64.70871885016828,-16.94599158761295],[-64.7093494803329,-16.953101452699936],[-64.71715498702696,-16.959156460873015],[-64.71877433256188,-16.962394354109477],[-64.7172297315037,-16.967380287537647],[-64.71199977740457,-16.971440858178532],[-64.70942227877786,-16.972131916697563],[-64.70483321409023,-16.97016203074383],[-64.70401239228495,-16.967299879994624],[-64.70739168354307,-16.956369384910552],[-64.70387874674614,-16.952477759446094],[-64.69812713988966,-16.95376893471102],[-64.69073593400135,-16.960620337122034],[-64.67452848852224,-16.97070003967137],[-64.67328838294783,-16.97654394931566],[-64.67688956585401,-16.979192130970066],[-64.68044912896238,-16.977154489400903],[-64.68346912774204,-16.970339520535937],[-64.68564242921062,-16.968887050980463],[-64.68972248365807,-16.96952272652591],[-64.69269810543895,-16.979979548640422],[-64.69789646744398,-16.98337912909632],[-64.70786072817384,-16.98626049995885],[-64.70989331043937,-16.991216383682605],[-64.70740299895576,-17.001565672114538],[-64.7046332280275,-17.003023383016657],[-64.70065180057871,-17.0023872470484],[-64.69544939794655,-16.998605289103807],[-64.6951280355797,-16.996025851081342],[-64.69806642027882,-16.991219684771163],[-64.69823504539606,-16.987871096961726],[-64.69632538709426,-16.98549615863404],[-64.6906438230123,-16.983630696817286],[-64.6820143678749,-16.985519162684614],[-64.67558970608388,-16.98949311974839],[-64.67185568745634,-16.99430553888598],[-64.6719779634884,-16.996886674801736],[-64.67528649174207,-17.000111060978107],[-64.68054448671526,-16.999015751376067],[-64.6853826526976,-16.99543729615015],[-64.6899636262532,-16.996451308908355],[-64.6913901454994,-17.00036045852943],[-64.6896749705099,-17.008599223011],[-64.69111963257099,-17.014516524283795],[-64.68748413988062,-17.01923277485814],[-64.68033606691394,-17.01817781704512],[-64.67283175186617,-17.012888097843526],[-64.66414674602447,-17.01580471663152],[-64.66254649691605,-17.01260909645078],[-64.66606828766724,-17.006676287170396],[-64.66447075871474,-17.002824597144183],[-64.66201199241175,-17.00191317112384],[-64.6592294256867,-17.00214008379507],[-64.65114820684167,-17.008457177852343],[-64.64431173690095,-17.008119859864667],[-64.63763643073756,-17.005113526608728],[-64.62895180092191,-17.004926909940565],[-64.62668869482286,-17.008409360946796],[-64.62837788265158,-17.01254948089136],[-64.63849452844121,-17.016870762338964],[-64.64011807310712,-17.01957787732048],[-64.6416283762621,-17.031444586647304],[-64.63931141795715,-17.03723559004936],[-64.63430698688477,-17.039132138628343],[-64.62565450502248,-17.03579635414877],[-64.624562437922,-17.03157362314719],[-64.62762139286308,-17.028012974488426],[-64.6289332580051,-17.02279222447781],[-64.6258737355546,-17.017859087806208],[-64.61950488628283,-17.014477001078642],[-64.61750424672863,-17.015197326392705],[-64.61592812475116,-17.018980715019804],[-64.6205728155379,-17.02824275500322],[-64.61975641883397,-17.033474088245015],[-64.61762969214286,-17.035336873435735],[-64.61287702728963,-17.03494785796763],[-64.60986468482847,-17.028011424129563],[-64.60396489935604,-17.025784184972014],[-64.5937686257824,-17.030811913741417],[-64.58719180196468,-17.036299496025464],[-64.58806225195525,-17.041471758183324],[-64.58982907436905,-17.042273641690297],[-64.59260761558926,-17.042238608411886],[-64.59876784555122,-17.037600722964463],[-64.60576880602,-17.035175772588584],[-64.60854952438943,-17.035045109555657],[-64.61156082273673,-17.037782432250925],[-64.61095800164155,-17.042350246930315],[-64.60883332002122,-17.044117507106293],[-64.59875366457412,-17.046666567633395],[-64.5926930136426,-17.053806884152955],[-64.58782970893486,-17.053891945907306],[-64.58553070502663,-17.050406346535684],[-64.58468727965523,-17.044089488930336],[-64.58247185500838,-17.041273729927752],[-64.5748277500018,-17.033090923707405],[-64.56988169039663,-17.032505845893564],[-64.5647464349745,-17.03573370037087],[-64.56444222639092,-17.04021223812192],[-64.57277331931783,-17.048696696603837],[-64.57905854664452,-17.05141048311881],[-64.58089939421853,-17.056075257888914],[-64.57746340907546,-17.06015532792061],[-64.5683902397016,-17.057857637308437],[-64.56579181575074,-17.058659663825548],[-64.56006905856776,-17.065710613827367],[-64.55331434746114,-17.07023843145149],[-64.54910698319277,-17.067760311835045],[-64.5499261368837,-17.058330952952627],[-64.54692251059788,-17.055306715630547],[-64.54415752093975,-17.05476880868134],[-64.5351656060589,-17.05743371091578],[-64.51881222810789,-17.05678647146175],[-64.51574872547782,-17.060440248802966],[-64.51550022300908,-17.062534080283786],[-64.5171447834482,-17.06428811379449],[-64.52786273408694,-17.06414331307312],[-64.53441902987633,-17.07211289224403],[-64.54309992760062,-17.074212687782186],[-64.54705000438771,-17.079166401256895],[-64.54973313237844,-17.087336767923055],[-64.54779441297467,-17.089584379277778],[-64.53629047416946,-17.089330893366316],[-64.51909257624246,-17.098970287396586],[-64.5079815330683,-17.09061279587597],[-64.50423378905522,-17.089670736889328],[-64.50033418398534,-17.090919953377625],[-64.4978632654823,-17.10288816000106],[-64.48074719154599,-17.113956695082432],[-64.47697607464546,-17.11807078030435],[-64.47652623808466,-17.120255360096614],[-64.47824680834985,-17.122965641541487],[-64.48817658059413,-17.126813718259292],[-64.4895560354006,-17.1313293277212],[-64.4869771909039,-17.135374785677737],[-64.47668453243509,-17.138293221203604],[-64.46945344196494,-17.13364631983182],[-64.46421750136341,-17.13266996304591],[-64.46039283561255,-17.134874012691014],[-64.4573771544904,-17.140531211672993],[-64.45119035482662,-17.14191849772667],[-64.44785756597301,-17.140221248205034],[-64.44015115196679,-17.13069650624882],[-64.4354243715439,-17.130017192223434],[-64.43158088841791,-17.132983520141398],[-64.4302786231986,-17.137533940148064],[-64.4352925450658,-17.147570584436266],[-64.43532745078154,-17.154250427926343],[-64.43264282086282,-17.15850237723605],[-64.42835411567833,-17.159359301761256],[-64.42507521318498,-17.15546835383278],[-64.42412982835216,-17.141421069085638],[-64.41947760254038,-17.140933848251382],[-64.41379039578808,-17.150250506827913],[-64.41068510084229,-17.151420221770774],[-64.40677639222133,-17.14894592909114],[-64.40227388703664,-17.139970072103605],[-64.39853331106181,-17.13873986832627],[-64.39461592867694,-17.14065411732949],[-64.39093945118925,-17.14486361879609],[-64.3916291852886,-17.14907742759505],[-64.40459874254324,-17.150327496151984],[-64.4073430399301,-17.151725780528537],[-64.41030744146029,-17.15627765212747],[-64.40940349551305,-17.160741441160276],[-64.40488108587924,-17.163023678588562],[-64.40067235602422,-17.160637802447464],[-64.39479384361572,-17.153538603676665],[-64.39231656809305,-17.153386595464692],[-64.38769034506643,-17.15585688357858],[-64.38626160374696,-17.161453355433142],[-64.38696064010801,-17.16528574252144],[-64.39877502967742,-17.16914331776015],[-64.40007657208336,-17.17270324810808],[-64.39839512686635,-17.176481277903044],[-64.38514762517917,-17.174365368303157],[-64.37530354329938,-17.189471679114565],[-64.36434439257727,-17.184139120010588],[-64.35926928089899,-17.18466617915305],[-64.35727245682783,-17.187124546912635],[-64.35643952036642,-17.192457616835465],[-64.3588316503732,-17.198022524305323],[-64.3602982885816,-17.198915016007287],[-64.37284985416981,-17.197129012357692],[-64.37486910100426,-17.19975146703795],[-64.37504603710488,-17.201615994813324],[-64.36831537398426,-17.208802709586124],[-64.36613680332172,-17.215550268995916],[-64.37142360015599,-17.22647343716598],[-64.37118911026644,-17.22990271008805],[-64.35641708127753,-17.231064350792746],[-64.35324407460385,-17.229917644256442],[-64.35270429663362,-17.227686974875144],[-64.35503777202555,-17.220728621093883],[-64.35289931109055,-17.213953075399512],[-64.34396498472339,-17.209802284152353],[-64.33620748708064,-17.208019686416176],[-64.33289456809997,-17.2142394360714],[-64.33686647130534,-17.22446351428798],[-64.33614515545553,-17.231831016930965],[-64.33250848472538,-17.2343224117114],[-64.32323710320944,-17.236797015837013],[-64.32105241060262,-17.240752993033503],[-64.32530597577896,-17.244515557973116],[-64.33379882714664,-17.24316767971824],[-64.3372811610454,-17.244450702575264],[-64.34002083827163,-17.251578056675154],[-64.34019018686563,-17.263786081734455],[-64.33694177647695,-17.265027125496523],[-64.3304004773791,-17.26218450318432],[-64.31538066593713,-17.264810653297513],[-64.31245698003194,-17.267810404103667],[-64.31145522681574,-17.27442687089732],[-64.30445678157258,-17.277869111156818],[-64.30127342330591,-17.276535198364417],[-64.30162203746718,-17.27219314823457],[-64.31128054667143,-17.264863624466386],[-64.31224899017096,-17.261909764442695],[-64.3104844394464,-17.258663036482346],[-64.30557183412883,-17.257403291043538],[-64.2955317690123,-17.26334987502317],[-64.28382015396308,-17.26473463019601],[-64.28217592341767,-17.26847368302088],[-64.28490959321815,-17.275750083502672],[-64.28441813476537,-17.281004471159555],[-64.28127032747055,-17.28435319634346],[-64.27491103702316,-17.2851238331596],[-64.27867702028573,-17.290803072193228],[-64.27454775086662,-17.29112539278762],[-64.2708580186696,-17.294352288501724],[-64.26687284583396,-17.292439613424026],[-64.26519098192182,-17.29389039394925],[-64.26609014719419,-17.297446100506086],[-64.26456962200781,-17.299486137167197],[-64.26174888050272,-17.29935974555402],[-64.26076321918998,-17.296653419730934],[-64.25817263341067,-17.296025653560775],[-64.24727663799665,-17.301961817103983],[-64.2460562535967,-17.30476481158184],[-64.24845038726758,-17.306997854666683],[-64.24603681601921,-17.310338892802612],[-64.24526438264719,-17.317762685264537],[-64.2390023234043,-17.31843999375383],[-64.24151543576004,-17.32207705405281],[-64.24120343456849,-17.32574820495466],[-64.24513070238291,-17.331118116257304],[-64.24147367267452,-17.33571721060737],[-64.24207467836035,-17.339102955080865],[-64.24021358905502,-17.340039469489998],[-64.2409392747423,-17.34318683275361],[-64.23660700197573,-17.34987424741049],[-64.23906018667448,-17.360634601605007],[-64.23656153455887,-17.362423174927166],[-64.23775844158392,-17.366878693714593],[-64.23410582473191,-17.373659638801453],[-64.24268343267727,-17.399191256603174],[-64.25380898243215,-17.40312944040615],[-64.25369767828998,-17.405511632927528],[-64.24888509184302,-17.411400868865734],[-64.2493340865813,-17.41247999314376],[-64.25294874481386,-17.412566264615325],[-64.2536643295805,-17.416399087494227],[-64.25811337363447,-17.417115710176667],[-64.25401200878424,-17.42310360924898],[-64.25495777130747,-17.426486728207824],[-64.26055275060085,-17.42302145483131],[-64.26911449382635,-17.425300167688917],[-64.27518201998545,-17.423345713253823],[-64.28186572291558,-17.425245391072963],[-64.28971322145378,-17.433101420465757],[-64.29555752287499,-17.436750489434704],[-64.30616177237908,-17.43738282359707],[-64.3136349234971,-17.43347604519886],[-64.31595414376218,-17.427311770146414],[-64.32379630908997,-17.42206441911628],[-64.33353375395951,-17.42262106938971],[-64.33536330523354,-17.42639066785162],[-64.34019924906985,-17.42796491764872],[-64.34910284058974,-17.423462779340515],[-64.3527255599385,-17.42928368658313],[-64.35278556499873,-17.434264034464697],[-64.35502928116607,-17.437643733488095],[-64.35675022020321,-17.438369673698705],[-64.35842086343577,-17.433727864346082],[-64.35952575993193,-17.437927659280216],[-64.36218593120212,-17.439587805032996],[-64.36172728063349,-17.441753547926197],[-64.3573821259148,-17.441622258435896],[-64.3574610148937,-17.444635334580926],[-64.36590060265718,-17.44352053283632],[-64.36752790157351,-17.445496425917028],[-64.37047776716939,-17.44553537367529],[-64.37264568512263,-17.453158819222658],[-64.37646043321018,-17.45339674354015],[-64.37842792223593,-17.45544014082575],[-64.38391492065023,-17.45711815574157],[-64.39094308462414,-17.455581950862708],[-64.3971870363462,-17.45113518541307],[-64.3987471954943,-17.45098571954139],[-64.40084883580106,-17.453754346107885],[-64.4057539549464,-17.453301702975576],[-64.40507368784597,-17.457459860222635],[-64.39991970150311,-17.463524285973985],[-64.40151083455163,-17.46696014376151],[-64.40541919295939,-17.467199745290973],[-64.40644820947698,-17.471497967413818],[-64.40584735852549,-17.477602267148573],[-64.40360480545851,-17.479604023368644],[-64.40123363803025,-17.48730303994589],[-64.40060516066268,-17.493897515119993],[-64.40299452102992,-17.49614261668767],[-64.4058823315458,-17.49517914927231],[-64.40675633318983,-17.497469228785178],[-64.4087408973352,-17.497629713154883],[-64.40906699126201,-17.502846707240504],[-64.41098094071275,-17.503840392774983],[-64.40935507179495,-17.506110135248242],[-64.41059970631039,-17.508864495864362],[-64.40890011482081,-17.515891472985167],[-64.41118718361426,-17.518707841723923],[-64.41550995117346,-17.521000084240967],[-64.42756517643728,-17.523474633572544],[-64.42807312093876,-17.528000594128212],[-64.42351679337551,-17.53503688135921],[-64.42382435865072,-17.536553267405186],[-64.42979286732815,-17.53966314325136],[-64.42941810895705,-17.548608833271306],[-64.43228111502536,-17.560013352992343],[-64.46667995066788,-17.563588236325966],[-64.47418082152964,-17.559010811431996],[-64.47814428897296,-17.559609909358286],[-64.48099199273624,-17.557627134369824],[-64.48320991630513,-17.55731800088257],[-64.48939745337532,-17.560040052513692],[-64.49556099601763,-17.553336669212715],[-64.49920982134005,-17.554848241823173],[-64.50094713596047,-17.55256378492388],[-64.50474811049959,-17.55164255568503],[-64.50585184772876,-17.54951159803354],[-64.50870151915977,-17.54844056274375],[-64.51407574392569,-17.54325873333925],[-64.51485430354192,-17.538088071750934],[-64.51975556587561,-17.533971391198843],[-64.5221496828544,-17.540350394102433],[-64.52579433536424,-17.540341300700312],[-64.53215420606055,-17.548078403828626],[-64.54373787220656,-17.553521511432734],[-64.54613831439568,-17.560745984623793],[-64.55021737729487,-17.56583389105676],[-64.56209256493574,-17.563703043833467],[-64.5845824629821,-17.556443682939904],[-64.60249395911967,-17.557409057050066],[-64.60303262668107,-17.564806657194165],[-64.5997124862886,-17.57272800109685],[-64.59856597066624,-17.59022759422103],[-64.59408301853016,-17.593037815526824],[-64.59198304149157,-17.597738151491004],[-64.58843324808348,-17.600611859010417],[-64.5921617598135,-17.606878822876403],[-64.59110378768209,-17.613499743236016],[-64.59210824130858,-17.61895738041944],[-64.59472128437663,-17.62375223718894],[-64.59446848114247,-17.626735584157604],[-64.59741871651465,-17.634683294472897],[-64.60188892479606,-17.636150777537917],[-64.60157938794754,-17.640798944439606],[-64.61408971953261,-17.651012287522338],[-64.61428288653048,-17.658678390763882],[-64.61651733714221,-17.663952092716706],[-64.62107098677834,-17.662926873989193],[-64.6246054291301,-17.658864510586636],[-64.62748254361871,-17.658986375025354],[-64.62954671835598,-17.66626083687336],[-64.63333498348744,-17.669818024556793],[-64.63556860864702,-17.66977523945804],[-64.6386773599483,-17.67524839930773],[-64.64085835750659,-17.67576991945453],[-64.64025389012635,-17.679131269793935],[-64.64227020901936,-17.680685412224772],[-64.64094357910703,-17.682812304526873],[-64.64153024603469,-17.687331158018804],[-64.6397823497167,-17.695313502162524],[-64.64018009804298,-17.700887806064014],[-64.64194645358667,-17.70364625962656],[-64.6393411693751,-17.70499411035359],[-64.63979493449152,-17.708179440337545],[-64.648459641405,-17.70893218187385],[-64.65202951576521,-17.71436874031399],[-64.65889292961819,-17.71658971183402],[-64.67049185135681,-17.713996952072463],[-64.67438885050393,-17.716230470887872],[-64.68221973554878,-17.71618308326658],[-64.6878442961315,-17.71866985340812],[-64.69896775443767,-17.715405810366047],[-64.70192876480951,-17.716081407672146],[-64.70482276673339,-17.717629501369558],[-64.70520457303907,-17.722456698048738],[-64.71325108401082,-17.73157611469368],[-64.71769493778982,-17.73311179156779],[-64.72937839468545,-17.733502692252323],[-64.73239095299361,-17.735720953556743],[-64.74002571806327,-17.737389270919046],[-64.74628204048642,-17.736019011142734],[-64.7513249901894,-17.74245127940085],[-64.75278690471181,-17.747195945543314],[-64.75621807325231,-17.75014024211209],[-64.76329812040832,-17.774943791593156],[-64.77471322369396,-17.807527961609637],[-64.77765326496467,-17.811593985198748],[-64.77427945795259,-17.815620422987],[-64.77396730114232,-17.82110288923403],[-64.77729338936504,-17.826201854164225],[-64.77762969807294,-17.82976425157604],[-64.79154284152735,-17.844502309239385],[-64.80638109373312,-17.893070167122726],[-64.80240354114655,-17.897502356695327],[-64.79540434392945,-17.915980778103357],[-64.78659296458764,-17.93330884980665],[-64.81061031318981,-17.944696897474454],[-64.80741357580665,-17.946886151969654],[-64.80411877045073,-17.95315469980424],[-64.79947649568578,-17.95784136402797],[-64.79883825387189,-17.96374509570021],[-64.79614402725622,-17.968051591913003],[-64.78643129330096,-17.974675429662767],[-64.78506973585648,-17.979035136504706],[-64.7826039030087,-17.9796276153943],[-64.78326523089095,-17.981838653186],[-64.77997117008016,-17.978868983120766],[-64.77723566133442,-17.98134876477163],[-64.77438378738427,-17.97719142607176],[-64.77074841070448,-17.982125287762074],[-64.76632298690187,-17.984904377958088],[-64.76679879729456,-17.98983997920508],[-64.76330040247362,-18.001478600158116],[-64.75358785344254,-18.01497548362959],[-64.75033150241362,-18.016886106471397],[-64.7471180329709,-18.02730850810469],[-64.73690050230313,-18.03928496244459],[-64.73449587165982,-18.038019971440555],[-64.72535712200218,-18.040566513349454],[-64.72021117667099,-18.0437714123845],[-64.71793400581058,-18.042162067038003],[-64.71658924922103,-18.042810863013525],[-64.71731701883085,-18.046175984393564],[-64.71539495609193,-18.049508244145873],[-64.71560494251973,-18.05688796980044],[-64.7191881078439,-18.061029622258495],[-64.71440025976804,-18.06609747655853],[-64.7156176062847,-18.07225785859493],[-64.71429673475761,-18.07363547262356],[-64.71340027968121,-18.071851946231387],[-64.71129933735382,-18.07296957271013],[-64.7113898574996,-18.078073024774277],[-64.70970531728987,-18.081446406061385],[-64.70637694980584,-18.084976659595775],[-64.70120579045606,-18.087239827116807],[-64.69764938412743,-18.09262925190983],[-64.69351257254543,-18.093956549911116],[-64.69187330116128,-18.098757890392225],[-64.68603242634636,-18.099669675939378],[-64.68246154836744,-18.098768530785325],[-64.67932915917844,-18.10142383681984],[-64.66978425773428,-18.100420695060226],[-64.66607304961435,-18.104504922680064],[-64.6614580041928,-18.104222022629745],[-64.65457930793202,-18.10048006741526],[-64.64470227088023,-18.102895469087443],[-64.6434418397214,-18.10043189168501],[-64.63887380080592,-18.099143962584485],[-64.63498186188501,-18.095949610586636],[-64.62640051852013,-18.09656007911916],[-64.62364291646365,-18.094359990351016],[-64.62060588841096,-18.09642956573737],[-64.61570294634599,-18.093350869255087],[-64.61122948006343,-18.09622125764775],[-64.61039738695683,-18.103651289492372],[-64.60671088018134,-18.104442290697975],[-64.6040923219304,-18.109269387674065],[-64.59634806846354,-18.108408492761196],[-64.58259455659646,-18.114876431040916],[-64.57891990632645,-18.114942442060233],[-64.57322053646914,-18.12093477931428],[-64.56026371570964,-18.12483426015251],[-64.55842637168978,-18.12996290512948],[-64.5560067243575,-18.13202655018805],[-64.54973891755273,-18.135806657224418],[-64.54559981139606,-18.135574566991608],[-64.5428511862699,-18.13864481346431],[-64.53792619194465,-18.146774511113605],[-64.53927065354554,-18.150385730381046],[-64.53741814564246,-18.153018410222288],[-64.5296944536937,-18.155159950357024],[-64.52772703915076,-18.15754243320652],[-64.52976099346027,-18.158494514670586],[-64.52937608706792,-18.15952559874906],[-64.522193360635,-18.160359596915054],[-64.52236622550222,-18.1622708310056],[-64.52550224767164,-18.163411460401246],[-64.52645716221241,-18.165376247885156],[-64.51957101179887,-18.172334116020405],[-64.52213501001822,-18.175989601473585],[-64.5226185576668,-18.181275302334853],[-64.5136869543726,-18.186067646605874],[-64.51174321376982,-18.185455385460713],[-64.50808076862089,-18.18930940030513],[-64.50841474118427,-18.191787188933628],[-64.51421730979725,-18.19752115251224],[-64.5141051524716,-18.199016257247724],[-64.50957084742345,-18.19896232679873],[-64.50879317838087,-18.203062613044196],[-64.50360273360396,-18.20533991701253],[-64.49712738325682,-18.212836001589682],[-64.49660051648075,-18.214584259653865],[-64.49910810705158,-18.21569047369219],[-64.5021659821068,-18.221571535094238],[-64.50061322980824,-18.22502579147348],[-64.4973593144215,-18.22657818817951],[-64.49958839421816,-18.232430340534044],[-64.49715302133276,-18.235528684022217],[-64.49228876966383,-18.234217529246354],[-64.49429029828161,-18.237142564703134],[-64.49060797002295,-18.239562018908384],[-64.48876721815557,-18.25551316475603],[-64.48481019332421,-18.260994847655986],[-64.48165667830602,-18.26092844324193],[-64.48620882183953,-18.269499881678197],[-64.48901567408704,-18.269980109369232],[-64.488891483959,-18.273023315799463],[-64.48487323931593,-18.27135114185855],[-64.48256366337965,-18.271966750762314],[-64.48049823068064,-18.27923872044509],[-64.48351180860935,-18.284146301361314],[-64.48540717519472,-18.293646793239226],[-64.48354316158424,-18.295185384593726],[-64.47292107567472,-18.295476771201546],[-64.47321605382072,-18.300764063978924],[-64.47139928882672,-18.30421479570986],[-64.46410406790923,-18.304701208864326],[-64.46367812415527,-18.306138937063754],[-64.46652326335177,-18.309613604726415],[-64.47120787135596,-18.312297054203174],[-64.462570233908,-18.32435314378832],[-64.46146608799604,-18.323285759015395],[-64.46263597208166,-18.321005563546777],[-64.46102722528587,-18.31946388820881],[-64.45897301107719,-18.324500226477458],[-64.45260911909766,-18.323084438675796],[-64.4514552904247,-18.327306965346335],[-64.4458762535007,-18.325078093502178],[-64.44500858474217,-18.327606942485463],[-64.43924926421707,-18.32914801527342],[-64.43370040369054,-18.336266547362545],[-64.4338152241221,-18.33880589804827],[-64.43676646775549,-18.34148526862852],[-64.43651872994069,-18.343846841407895],[-64.43981534635618,-18.347613270478302],[-64.44139609015382,-18.35331169927611],[-64.4453988128242,-18.35593513498922],[-64.44432555763122,-18.357843943554652],[-64.44001544401675,-18.35891656625127],[-64.44002606749157,-18.364726077722448],[-64.4453349778985,-18.36631397086733],[-64.44836235101656,-18.373534999804974],[-64.44611876079557,-18.3747354903531],[-64.44017336529797,-18.368899261839477],[-64.43618180345761,-18.37219282860919],[-64.43171867681922,-18.372979548373813],[-64.42967314947526,-18.37635158482237],[-64.42929043868057,-18.380048220467426],[-64.4310610697609,-18.3852348619297],[-64.42931552783826,-18.392205158968633],[-64.43426564446472,-18.40027261885294],[-64.43294272348956,-18.40383289681836],[-64.42960358201157,-18.405263818549333],[-64.42741741245906,-18.40893814217336],[-64.42847576594028,-18.41427357481945],[-64.42756824481793,-18.418117593407157],[-64.42137426434381,-18.42330661400543],[-64.41901541682127,-18.429793708957487],[-64.41661738467383,-18.430600576768807],[-64.41742752595225,-18.433176573347076],[-64.41190098442988,-18.437377728516157],[-64.41054297707416,-18.442709714675953],[-64.40609102452451,-18.445109640321277],[-64.40540366666092,-18.448378158155],[-64.4026417886095,-18.45069376124321],[-64.39198317685354,-18.450019186985333],[-64.38214507159279,-18.453261344209892],[-64.38112449353969,-18.457213608847056],[-64.37310671849953,-18.460248403359103],[-64.37020071387388,-18.4634253028782],[-64.36417813288539,-18.46409991987442],[-64.3621921982372,-18.469601129157287],[-64.35767048709826,-18.46809149994596],[-64.34987476470805,-18.474652630135157],[-64.34397005932314,-18.47412081127341],[-64.33545358218808,-18.476045888071468],[-64.33381718580853,-18.47828089557063],[-64.33540804164865,-18.48472494327026],[-64.32814186460513,-18.48900065994129],[-64.32512418539177,-18.49737779419308],[-64.32268086042632,-18.49883656456087],[-64.31772599428413,-18.494818647991462],[-64.31022651698817,-18.49720179153317],[-64.30716213886562,-18.49460499622585],[-64.30560300581406,-18.495698815511307],[-64.30282010025758,-18.50048775075087],[-64.30597085446685,-18.504554390961847],[-64.30420681952909,-18.50987425407987],[-64.30427090013808,-18.518330256420878],[-64.30292440269938,-18.51923610941456],[-64.30002145514752,-18.51814434591522],[-64.2980802325358,-18.519950825122688],[-64.30054879249296,-18.533195914811895],[-64.29167995236533,-18.53372297141541],[-64.28843957416872,-18.537797602631667],[-64.28819521991544,-18.54030967039063],[-64.29082944885052,-18.544034293916766],[-64.28475927755512,-18.554555170564424],[-64.28762705759264,-18.55589841589965],[-64.29135331869108,-18.55139010993493],[-64.2937547284416,-18.555713061601697],[-64.2981265854826,-18.557045826268503],[-64.29858863320598,-18.55847715436588],[-64.29629341213945,-18.559939397785918],[-64.29290643717006,-18.55957411979424],[-64.29668007949455,-18.565495457932457],[-64.28884422130905,-18.569434283876085],[-64.28683880487799,-18.577809977175008],[-64.2876115439335,-18.580554178112962],[-64.29227946994233,-18.58449701877537],[-64.29104880854776,-18.58754182441996],[-64.28579844806308,-18.5895202821568],[-64.28441699687879,-18.594628186419115],[-64.28038437691674,-18.59603037348868],[-64.28085242107332,-18.599942208212738],[-64.28773087844918,-18.606021844896958],[-64.28897953978786,-18.613206422291306],[-64.29087178910892,-18.61576061933451],[-64.29320215727572,-18.61552944704502],[-64.2935805875424,-18.612514392760914],[-64.29577865458384,-18.611375584088663],[-64.29824643405101,-18.616044614044746],[-64.30356072969217,-18.615792710564182],[-64.30522680419843,-18.618224588791154],[-64.305469373595,-18.623721803569914],[-64.30973159926482,-18.623596550645615],[-64.31489224850397,-18.626166548226053],[-64.31655668402857,-18.63063051336714],[-64.31428120133812,-18.634758629776293],[-64.31490723807605,-18.637895784207902],[-64.31119956614896,-18.641699165143166],[-64.3100268770562,-18.645762165856194],[-64.31344245828276,-18.646359940809642],[-64.31792669475264,-18.64243153128663],[-64.31980562675764,-18.650924845351746],[-64.31905381627516,-18.654253345390803],[-64.32467860789963,-18.657345725188012],[-64.32467356753017,-18.659927826896727],[-64.32919969398726,-18.665466837939803],[-64.32458308161061,-18.66966477732631],[-64.31455548324287,-18.667752960658667],[-64.31091829055708,-18.670496146059367],[-64.312883238539,-18.67728426169447],[-64.3101522732943,-18.686167514948526],[-64.30963473543791,-18.701768483653336],[-64.31229786600056,-18.7152626588179],[-64.31981358928047,-18.72670478914752],[-64.31752065379658,-18.738685885438155],[-64.30936613247812,-18.74983901033379],[-64.31113089563196,-18.752179187177386],[-64.3163863199151,-18.754150536330904],[-64.31755071051192,-18.756724383241085],[-64.31595431756831,-18.760580004576088],[-64.3031484127552,-18.763710780717002],[-64.29783252430471,-18.766456053070623],[-64.29238399539072,-18.77869261191477],[-64.28677432131151,-18.785674216372882],[-64.28276151241923,-18.812635610507755],[-64.28932132205418,-18.818748465970813],[-64.29009755892301,-18.82308476895248],[-64.28438168515777,-18.82762334187379],[-64.27728470214824,-18.83661881886748],[-64.26761439254307,-18.838195838924598],[-64.26410185791404,-18.835886277039215],[-64.25826754147572,-18.837379374733676],[-64.25302716977816,-18.84259031604315],[-64.2482241752502,-18.845051626363418],[-64.23877072638683,-18.859973874407576],[-64.23311925466308,-18.85890041959196],[-64.22878256072303,-18.865191738057085],[-64.22418163073102,-18.86850418422351],[-64.22271519716257,-18.87407966799436],[-64.22337189285125,-18.878361200940763],[-64.21675651571165,-18.879600009813668],[-64.21319812585892,-18.882364761069425],[-64.21371213564521,-18.89280531978469],[-64.2123851229128,-18.8960117107274],[-64.2061174434356,-18.900347798785344],[-64.20002484820034,-18.90807598759797],[-64.20009035602254,-18.912857227582524],[-64.20228400319196,-18.916626525963586],[-64.19709071196664,-18.923772804864047],[-64.19650099955938,-18.92719103151822],[-64.20159669545288,-18.93712306933467],[-64.19989840495975,-18.93949438317214],[-64.19702844487044,-18.937750309939283],[-64.19550133833206,-18.938525222697333],[-64.1939055151336,-18.94354327104689],[-64.1959234012605,-18.948168472104776],[-64.19212633517263,-18.95151958151492],[-64.18758708801359,-18.952046007744283],[-64.18461712314169,-18.96118757801598],[-64.17594536208614,-18.957933151829753],[-64.1719157097991,-18.966429566662512],[-64.16399546237771,-18.969405889794288],[-64.15948800791098,-18.968802975675302],[-64.15794038216404,-18.96711037261377],[-64.15281088155089,-18.96959059361648],[-64.14527347558955,-18.966883083267582],[-64.14060315698224,-18.96892021754618],[-64.13039506700403,-18.964258439979098],[-64.12255287795904,-18.968517800789908],[-64.11970857920359,-18.97216921290311],[-64.11111426731237,-18.970709935610152],[-64.10634368760333,-18.973481306654538],[-64.10326702524075,-18.973384897619027],[-64.10119593924668,-18.97640017087091],[-64.1001945305564,-18.986172392351996],[-64.09800508052676,-18.990179119709538],[-64.08953239904129,-18.99208451998443],[-64.0915234630498,-18.995240228362153],[-64.08967988544819,-19.000997343139947],[-64.08198154115868,-18.99591991772721],[-64.0784569405936,-19.00137632112805],[-64.06847190955942,-19.00527117420926],[-64.06314774664575,-19.01676285795172],[-64.06550292708177,-19.02658829798335],[-64.05769592698027,-19.03027926860955],[-64.05298007839184,-19.037838011517938],[-64.05347567588306,-19.039881791628954],[-64.05795453500984,-19.042055806100954],[-64.05506490463095,-19.046295614580632],[-64.0580447936337,-19.049157191980292],[-64.05226125326415,-19.051912523151604],[-64.04612239300162,-19.05802125357835],[-64.04959001910362,-19.065335860787258],[-64.04179871886166,-19.07912480285524],[-64.04430208242779,-19.08373175123651],[-64.04251735095842,-19.087873313813397],[-64.04534339794,-19.09321830721994],[-64.04519981936022,-19.097351805926632],[-64.04339640940668,-19.099160503527035],[-64.0401108322336,-19.098203605458163],[-64.03623707138674,-19.099717355260648],[-64.03552026245124,-19.10092639629185],[-64.04087197464021,-19.10409045193485],[-64.04124418943972,-19.105695023721225],[-64.03191363269995,-19.112794749802575],[-64.03729946829728,-19.11650497187659],[-64.04075270774491,-19.11617187704594],[-64.04385438398228,-19.11764631681071],[-64.04122579169302,-19.120931281761077],[-64.04221110059495,-19.12834364418422],[-64.03939097913468,-19.131113896698714],[-64.03228537574829,-19.132121746614327],[-64.0298324690158,-19.14871102020258],[-64.02807148681362,-19.150346680229912],[-64.02382813977115,-19.150236481512206],[-64.02177390457304,-19.153289121781302],[-64.02293681447661,-19.15510258481642],[-64.02207855562462,-19.159659417088736],[-64.02402043361681,-19.16447818316761],[-64.0186504116195,-19.166803296927093],[-64.01653064574876,-19.173987697295402],[-64.0115283432592,-19.17891186361126],[-64.00901381914876,-19.17959434274562],[-64.00793352865436,-19.176051167252528],[-64.00432010326,-19.179618696330635],[-64.00058798653598,-19.179547548219766],[-63.99476997827095,-19.182129657608115],[-63.97821863749435,-19.178718804194627],[-63.971895346373415,-19.18078358258769],[-63.96771603663255,-19.17946776743592],[-63.960513837744166,-19.17338745134699],[-63.955352199811,-19.17679252564045],[-63.95305651520983,-19.17507008774867],[-63.94984879440628,-19.175610980391877],[-63.945410300641484,-19.182926090034968],[-63.94211398978548,-19.17848692137608],[-63.934265258564885,-19.177460604272245],[-63.931066166454826,-19.178258831666827],[-63.930299266470506,-19.181913412508866],[-63.924807980319024,-19.184264207197288],[-63.919455242520336,-19.183329053882325],[-63.919626839233,-19.17897152427309],[-63.924640144095974,-19.1762500479678],[-63.919907893960044,-19.16982565457196],[-63.90719386415641,-19.160307085384353],[-63.907961530734454,-19.15573973555339],[-63.91319448943557,-19.152786198768734],[-63.90865394480622,-19.133220743389334],[-63.913732859438014,-19.12913048497461],[-63.911661383649424,-19.127166047832056],[-63.91012755693845,-19.12062462862637],[-63.90739275451313,-19.11780747015427],[-63.90807717317408,-19.11389329165446],[-63.904900369155385,-19.111183052704572],[-63.905641930335314,-19.107449254609865],[-63.909859468968406,-19.10279872139685],[-63.91005229518722,-19.10059910252918],[-63.909160242062875,-19.099024951428422],[-63.905529280616165,-19.098864702595552],[-63.904314473712205,-19.095553386064],[-63.9107465003047,-19.088175185404765],[-63.909555317199924,-19.084089835358686],[-63.91111919307637,-19.06371633490408],[-63.90758698559981,-19.048064715780654],[-63.904523653524784,-19.045775015452737],[-63.89866044689222,-19.04692371990261],[-63.89687493880382,-19.045885005486973],[-63.897991675757396,-19.042161605926477],[-63.904304368204485,-19.036555833011192],[-63.90169707891033,-19.031656655369044],[-63.895249626155795,-19.03553044016749],[-63.89123480496483,-19.033631378364657],[-63.89033896255968,-19.030150186670635],[-63.884407796390725,-19.029449295413958],[-63.87163204503549,-19.037377308985903],[-63.86609691109745,-19.03805738963379],[-63.86197751974391,-19.035499333814442],[-63.85637573606841,-19.03697661746887],[-63.84772468504611,-19.0366204352321],[-63.84515620600945,-19.039923690232563],[-63.84187001103953,-19.041147402180336],[-63.838901480261804,-19.049587761077202],[-63.83271584264662,-19.051187582579676],[-63.8305469980428,-19.049353357113496],[-63.82321083421837,-19.049261618788737],[-63.814071660572864,-19.04602983831697],[-63.80945642095714,-19.055143754534864],[-63.79484281965457,-19.043462298245217],[-63.778606552282575,-19.049075413391325],[-63.77757048192693,-19.0469486738139],[-63.78142411993679,-19.0391451774068],[-63.78049864064039,-19.036687921340622],[-63.76867801107179,-19.03163359035994],[-63.76095576090403,-19.035894760801774],[-63.7546303679062,-19.036215228498243],[-63.74308976814966,-19.04217799016764],[-63.73626945466377,-19.03912327987306],[-63.73664537960224,-19.03198433500678],[-63.73061793002137,-19.030024618461383],[-63.721797591853786,-19.03792262585774],[-63.721158609767166,-19.04147908547441],[-63.72311463248509,-19.046182366650044],[-63.722088313094645,-19.047725849047936],[-63.71647247960458,-19.044633458186688],[-63.70516696863328,-19.043076055409546],[-63.70789130594911,-19.045211951205953],[-63.70665410369904,-19.05007369516697],[-63.7094738893259,-19.051773797732185],[-63.708308798652716,-19.054081823319013],[-63.709011386570786,-19.06526034959476],[-63.710751426649296,-19.066420353182256],[-63.710937588020414,-19.06920546546874],[-63.71374697915152,-19.071236265544577],[-63.711496261293036,-19.073474247766786],[-63.711012433727205,-19.076674987196373],[-63.71540226111769,-19.08517741252399],[-63.71514656087635,-19.090606804440668],[-63.716991279025876,-19.097282702441653],[-63.71878839723905,-19.097458347990248],[-63.72037970128101,-19.100291938953273],[-63.71907152536435,-19.10609025284843],[-63.72018531718073,-19.10994507864726],[-63.71856989261879,-19.113014525364946],[-63.72059684660833,-19.11375947783257],[-63.72019761827589,-19.115939201799225],[-63.72252192048286,-19.11935158697321],[-63.72806708646534,-19.122386589247686],[-63.73122391313128,-19.12608999237274],[-63.73192430476477,-19.130243662817225],[-63.73433629728799,-19.13245781991676],[-63.73629858108593,-19.146456012238666],[-63.73970248194444,-19.14824106477876],[-63.74383212295804,-19.1591556538497],[-63.74558557060227,-19.17500691454902],[-63.74367930194468,-19.180528981972877],[-63.74451028557521,-19.18515728090303],[-63.73557449545714,-19.20344662952208],[-63.73932029855142,-19.208702227912255],[-63.73765693489048,-19.21601851627709],[-63.72797112666284,-19.227064269847737],[-63.722783487089366,-19.243329793596164],[-63.722640767385045,-19.252477074791152],[-63.71784848496668,-19.26106076403845],[-63.714481839285604,-19.272116377776893],[-63.71891576155414,-19.279394397410876],[-63.719661511229404,-19.31238952548534],[-63.717863683566925,-19.316770025856666],[-63.72086726223831,-19.321718880144722],[-63.720642940810116,-19.334915130555085],[-63.725288215192336,-19.339938668107692],[-63.72315852655054,-19.344291352862896],[-63.72895037040146,-19.34917012799443],[-63.72543665504448,-19.36352906826687],[-63.720070832151094,-19.365502426540903],[-63.71854944573549,-19.37005746389958],[-63.712972628750656,-19.376472164070357],[-63.717388369171,-19.380740560763254],[-63.72446279343064,-19.39307474504811],[-63.71818260349082,-19.398145757527995],[-63.716855661946,-19.40189630746484],[-63.71707015940224,-19.406907188093225],[-63.720878510529225,-19.41728486179831],[-63.718312073082664,-19.42207168870952],[-63.71540490344253,-19.423416764685985],[-63.714878373843504,-19.428034239587088],[-63.717820494860625,-19.43955925963331],[-63.7060753038604,-19.46931485037685],[-63.70797370826812,-19.473517092271486],[-63.70320298507296,-19.484206162356365],[-63.70300007898699,-19.487345917635157],[-63.70560066994192,-19.493904266277717],[-63.70451475389986,-19.502925870493836],[-63.702193657192225,-19.50565693431977],[-63.707971005441,-19.50919498415581],[-63.709769582268834,-19.512908228259295],[-63.70724568835328,-19.528110476350246],[-63.70851356778752,-19.53384157356065],[-63.7105370120355,-19.536218800432447],[-63.70812303571044,-19.543477785969287],[-63.709361486631195,-19.546152005920725],[-63.71151942664188,-19.545033588596816],[-63.71155017238472,-19.548170892480698],[-63.71358298665727,-19.550329590561965],[-63.71034830693675,-19.552622093283667],[-63.71188906287781,-19.556085610434614],[-63.71015232149412,-19.572933177233242],[-63.70456843078138,-19.576633666159104],[-63.70222826369318,-19.5866960022519],[-63.697541698821,-19.58855785002226],[-63.69221714984274,-19.59442702709807],[-63.6935545684641,-19.595433598605638],[-63.69408921089878,-19.60261036490901],[-63.698051747273006,-19.601952770946973],[-63.70022899688081,-19.60932777716816],[-63.70549713843109,-19.61355013663565],[-63.70450607499444,-19.625480800033667],[-63.7071228794132,-19.63652811346278],[-63.70139625588262,-19.6450689238863],[-63.70088298994354,-19.65464905694204],[-63.71153687807693,-19.673881130313397],[-63.71414993451296,-19.68491699436906],[-63.714063953606654,-19.69138190117682],[-63.71696153149628,-19.700105876582718],[-63.718547862127664,-19.714740747309378],[-63.71793478845832,-19.723666629345626],[-63.720293052586655,-19.729076691960678],[-63.718293271876384,-19.732766462494943],[-63.71818871842738,-19.74256734065395],[-63.72161742043831,-19.753696148708688],[-63.71942633080076,-19.76182601493167],[-63.719747057025984,-19.777862356599673],[-63.71638972355253,-19.791661740440258],[-63.71998472656088,-19.79910962085737],[-63.720387903711924,-19.81042959370126],[-63.7158215705462,-19.826746478509182],[-63.711990012633294,-19.833930588195614],[-63.70900659128058,-19.86108084441397],[-63.70999884810439,-19.86688849427135],[-63.71317799197353,-19.872875606341466],[-63.713065860938585,-19.879245334687578],[-63.71742673724389,-19.887220206646916],[-63.719815031097866,-19.908017324503746],[-63.715926133876195,-19.915571075963722],[-63.717732104957854,-19.92066830543112],[-63.71497157976897,-19.935470217712236],[-63.71635746459347,-19.95199205546775],[-63.72184096038717,-19.961371395852645],[-63.72173117447934,-19.968998944150417],[-63.72802313290286,-19.989366005833375],[-63.726690712121595,-19.99238719830726],[-63.727801750541886,-19.99540421250804],[-63.726909497303744,-20.000048458493602],[-63.72947794348384,-20.003679757771497],[-63.72856097461021,-20.007423095933163],[-63.73046919294884,-20.013307936719926],[-63.728409026268835,-20.020981123482883],[-63.732286782083506,-20.02724745634118],[-63.73178672197863,-20.03888256928904],[-63.72941113983687,-20.040616942243805],[-63.72802225180962,-20.047101538004252],[-63.72894682281204,-20.05795001420544],[-63.72552331845968,-20.06575772424296],[-63.728163394527485,-20.07107193072396],[-63.72524251506332,-20.094837058788883],[-63.726953183069064,-20.10098920155353],[-63.72662575470731,-20.104809050104333],[-63.72289521969396,-20.107448616414747],[-63.725770584496395,-20.115726937408517],[-63.723089398669615,-20.11686787109871],[-63.722567490536726,-20.118882649495895],[-63.715656148449824,-20.124823549482695],[-63.70576182648026,-20.12643233206549],[-63.705109238195604,-20.129320050356114],[-63.7024020259733,-20.130586346687817],[-63.70208151994589,-20.134694655579743],[-63.69869360403843,-20.139968694761567],[-63.69858067258766,-20.146885731195773],[-63.692304928589586,-20.148730574330564],[-63.69203215828777,-20.156556265023628],[-63.69694839872439,-20.162281211096566],[-63.69625263346636,-20.17275679780629],[-63.6981461103349,-20.186996877582796],[-63.69201957649661,-20.19018887364662],[-63.68745057143867,-20.189142901061985],[-63.69096992847948,-20.196022276621772],[-63.689310989058804,-20.198414642028617],[-63.68481691210796,-20.198814589719138],[-63.684543218222984,-20.20500216535056],[-63.680768355515234,-20.20836681473651],[-63.68353296790909,-20.21613599356985],[-63.68564638108715,-20.21894062384454],[-63.68802398678792,-20.21954894624144],[-63.686794270740705,-20.22600541002425],[-63.692117510189235,-20.229455500640558],[-63.69357450738839,-20.234122802604404],[-63.69502118966432,-20.23464327387564],[-63.693679048684366,-20.236985639463267],[-63.695025286792024,-20.24045806286462],[-63.69847184518564,-20.240085916491967],[-63.697993020966344,-20.243769928679722],[-63.70244429768378,-20.246526168272016],[-63.70756929936931,-20.25429013995642],[-63.706242234203195,-20.256988155073607],[-63.70245871778818,-20.257305588799223],[-63.70493913037817,-20.260288366802037],[-63.6996333252709,-20.264576802428646],[-63.701759361968975,-20.26866668510633],[-63.696866763356056,-20.27435161311556],[-63.69662298390139,-20.276974339168696],[-63.69429285547456,-20.27725480327246],[-63.70076439663707,-20.28177944347843],[-63.69871283591523,-20.295738578667166],[-63.69630933762595,-20.298737603999594],[-63.698342391917535,-20.307360759348747],[-63.69606386073256,-20.32104027015641],[-63.69741237179875,-20.32466428519496],[-63.69624200854355,-20.326584742472875],[-63.696938069853566,-20.329710354193075],[-63.69470637845344,-20.331080047292016],[-63.69236595506315,-20.345387715672036],[-63.69290162960876,-20.368283777471785],[-63.69422393414192,-20.36961287721707],[-63.69202684997816,-20.37824955790991],[-63.69343536797293,-20.379276063209428],[-63.69258750528008,-20.381504557472418],[-63.695541500043014,-20.398317961115808],[-63.69346884433737,-20.423696415212078],[-63.69076059745133,-20.42880487525559],[-63.69230387180133,-20.435866841279015],[-63.684167972113684,-20.465142492638943],[-63.6672026874111,-20.473213626024133],[-63.65529961270024,-20.472625462783533],[-63.64846349248056,-20.466344843746953],[-63.6362728396673,-20.46353756196232],[-63.62208073153825,-20.46456969253604],[-63.612728486617534,-20.46178817854748],[-63.60391831382552,-20.456817777306668],[-63.602612975662716,-20.454635775361496],[-63.59859769443165,-20.453162930523582],[-63.59695476194471,-20.454108429265727],[-63.59339706432598,-20.447815199945484],[-63.590387798262,-20.44576697310464],[-63.58842957993016,-20.446716326676928],[-63.589842603837546,-20.44422230899069],[-63.58728749042052,-20.444567055874884],[-63.58711375132612,-20.442701009218933],[-63.584061229018225,-20.44245647821078],[-63.58378560803627,-20.445140588817267],[-63.581785918627816,-20.445446980017056],[-63.580974309990985,-20.448033310370494],[-63.57392961708143,-20.447266829157062],[-63.57134044647925,-20.448813739278037],[-63.559847275124355,-20.450293560120436],[-63.55765902676042,-20.452123092859697],[-63.54754183882722,-20.45111315486744],[-63.54072188594159,-20.454261549589702],[-63.53733021515222,-20.45224389390513],[-63.5341739936494,-20.456537197359747],[-63.528741074460555,-20.456520345016404],[-63.52404289966264,-20.459889396031816],[-63.51947831481032,-20.460105184273846],[-63.51344419174378,-20.46271996711343],[-63.51243959728638,-20.461115716005295],[-63.51379203542919,-20.45863305749257],[-63.509722141819594,-20.456502934616793],[-63.503377734368996,-20.455777795562657],[-63.49671410979056,-20.45833009640151],[-63.48996299136058,-20.456257383236675],[-63.48282973910814,-20.457514711872193],[-63.47340886017624,-20.45340966346122],[-63.464051622789626,-20.453540031490746],[-63.4604269963612,-20.44889782209981],[-63.44368253192735,-20.442215896470383],[-63.439443450399416,-20.436696117455988],[-63.421391019859925,-20.440392799729434],[-63.41515331044773,-20.438167242466864],[-63.41241450636332,-20.428312043243412],[-63.406735016054334,-20.42499655372395],[-63.406497146366476,-20.422844925731997],[-63.40910742799101,-20.420546811844986],[-63.404981058853345,-20.417614837329012],[-63.402953232588125,-20.4108198537024],[-63.404350974191566,-20.40711295900347],[-63.399461880643244,-20.403451653214255],[-63.39972421452062,-20.398568157110308],[-63.390200588833174,-20.39964247370395],[-63.37135876928636,-20.394980644961446],[-63.36836459583896,-20.395984034161174],[-63.35705057351825,-20.392521115231787],[-63.35585906803331,-20.399808070022384],[-63.356772875638896,-20.40139649484295],[-63.35470841143424,-20.405278060135956],[-63.356250335930326,-20.413759236468387],[-63.35171958160474,-20.417811020782672],[-63.3524278204397,-20.42274533228091],[-63.35722162950301,-20.433052993101263],[-63.360948837105475,-20.435606599831424],[-63.358083296269925,-20.44516692394681],[-63.35973706364115,-20.447936267726885],[-63.35762867539174,-20.460053137162248],[-63.2490935857825,-20.4606273814668],[-63.02187844520583,-20.44424854189427],[-62.69251135589934,-20.442218314583737],[-62.17937129443431,-20.44261637721344],[-61.998386597145064,-20.19208745579083],[-61.922404907064106,-20.089239512527268],[-61.832847881089066,-19.874188231496614],[-61.73547110541257,-19.634178196068596],[-61.16240564617962,-19.54541006874556],[-60.74184364063601,-19.477715359715663],[-60.60099848161224,-19.4559336799622],[-59.97691829966218,-19.295172725081066],[-59.93276249879359,-19.29883067258401],[-59.88384289920196,-19.300118753962725],[-59.64569113775921,-19.31248395889701],[-59.24974371476878,-19.340788396599528],[-59.11449212811687,-19.34400763620615],[-59.09957037991857,-19.34943319584682],[-58.99964435101108,-19.40154048181838],[-58.95536479617409,-19.426577086211616],[-58.823490586720354,-19.496905926289553],[-58.74426725339081,-19.53638830172447],[-58.64057802550093,-19.586381850924194],[-58.501127549698424,-19.650166922133316],[-58.235441177848486,-19.775484009396493],[-58.16475899559423,-19.827079107336598],[-58.16783529212117,-19.83133104508702],[-58.174347340145985,-19.834893512011853],[-58.1781154942518,-19.844561760430334],[-58.192065719325484,-19.85329334572593],[-58.19752163150406,-19.862277129378835],[-58.201893108240924,-19.864796928685735],[-58.203676944653466,-19.88145285248396],[-58.20514566707253,-19.883796041754753],[-58.204836396296336,-19.897720755551973],[-58.20033203687648,-19.905202733197502],[-58.19594374173801,-19.92817518522819],[-58.20203213909975,-19.93813483689265],[-58.21312347584257,-19.95139368587645],[-58.21314145600695,-19.953746661495597],[-58.20076008949837,-19.961870593686292],[-58.192047138196585,-19.96153713473322],[-58.18548272970283,-19.971189637704267],[-58.17648682377287,-20.00477471697676],[-58.17741711339092,-20.013587809158217],[-58.173670003870654,-20.02155405933933],[-58.17508915791578,-20.02836102250588],[-58.16785831015807,-20.035901146680157],[-58.156785940153206,-20.04386409476081],[-58.16173333227301,-20.04901380172842],[-58.16684522738626,-20.05079310244301],[-58.16335002300754,-20.05693951491444],[-58.164873416003196,-20.065052775695158],[-58.16040652845775,-20.07301462040988],[-58.162099305073696,-20.076662541416923],[-58.15965716361086,-20.07709451715255],[-58.15807254645666,-20.07511158634322],[-58.15282261899501,-20.0754262902045],[-58.154490388625405,-20.085295980821726],[-58.14460005597299,-20.097837176827415],[-58.136942742394574,-20.118691512149677],[-58.13761334642306,-20.12403265178292],[-58.14196270863709,-20.128325344719944],[-58.1433833449201,-20.13637696048819],[-58.14544161021208,-20.13974220812368],[-58.159357131824066,-20.14536705603539],[-58.16721590110234,-20.152722636465736],[-58.16982965804993,-20.165862961825642],[-58.15186928896232,-20.152741082379066],[-58.13433224679702,-20.151778866290126],[-58.12394181568018,-20.14938128082432],[-58.1145616422326,-20.14354759774949],[-58.107183234027474,-20.127590026264397],[-58.093745455133856,-20.108680833514214],[-58.07161736515313,-20.104590851194637],[-58.05532057694027,-20.108285575408768],[-58.05054038319863,-20.106890130310006],[-58.04347141868062,-20.09752208410146],[-58.0412960063189,-20.092368633891333],[-58.0390191457843,-20.07695950914049],[-58.03651213579998,-20.07041156314201],[-58.0301640197246,-20.061866625101043],[-58.02519076091796,-20.058572916380257],[-58.01821063399057,-20.05775484493385],[-57.99713402361714,-20.056599638355276],[-57.98561170544769,-20.059132978060312],[-57.983013217720206,-20.058192150026432],[-57.97332654787192,-20.051655253215827],[-57.96961169743932,-20.043840039079097],[-57.96693017745708,-20.033088776804952],[-57.96290265430352,-20.027486239995007],[-57.9568950886369,-20.022634945411976],[-57.946412142623075,-20.019063269675563],[-57.934510151084254,-20.02027499161293],[-57.9202761067749,-20.03008515950687],[-57.90710653939161,-20.04256150311311],[-57.90288463832109,-20.043495492416874],[-57.892172315526054,-20.022254015670804],[-57.867859922560974,-19.99108426506916],[-57.85910657587234,-19.97174979233015],[-58.00117456813496,-19.86279364538409],[-58.13138212074948,-19.7583726523317],[-58.008836990984776,-19.503755951938217],[-57.862219820881684,-19.20160989618137],[-57.78367377123194,-19.03523855833812],[-57.71096875600873,-19.034793783345194],[-57.7077087735913,-19.02592953726475],[-57.70548621562296,-19.02421376489133],[-57.70186345081482,-19.01675573453555],[-57.6966696078766,-19.01074043072023],[-57.69120206216113,-19.011495355853924],[-57.699604494465646,-19.006290958724048],[-57.696657947038794,-18.997769386493612],[-57.70191818646239,-18.993184295725484],[-57.702849955692606,-18.98812591776179],[-57.7113716734509,-18.978732545408505],[-57.71585843012518,-18.977433546421018],[-57.71967295347668,-18.978110025179095],[-57.71874950007662,-18.898395011478463],[-57.744619031636205,-18.90057579961485],[-57.767183921991645,-18.900547849029447],[-57.66650266240189,-18.581234397314194],[-57.55969172078112,-18.242139417612535],[-57.502683680247216,-18.23771201984795],[-57.45710708827369,-18.23610226312705],[-57.454433527709995,-18.231024371838178],[-57.45792938260001,-18.226856212923447],[-57.464694402969855,-18.22441336359538],[-57.46976021778291,-18.219663426990273],[-57.472165412955896,-18.21480437582742],[-57.47626757308268,-18.211558806732075],[-57.47867342516841,-18.207046327288634],[-57.47902351311468,-18.20242340950432],[-57.481435202347,-18.200106350457556],[-57.492561251546995,-18.201233637134806],[-57.49907476273332,-18.1959014717335],[-57.50371904055289,-18.196074157473873],[-57.504040554832265,-18.198858456953914],[-57.50819823505779,-18.198728780864137],[-57.579736591741444,-18.12008343900714],[-57.60114670677414,-18.04362610836724],[-57.72287948010064,-17.830212346522345],[-57.68446019016206,-17.830743228452672],[-57.68514092702405,-17.810637219342784],[-57.713200516798864,-17.775553108236608],[-57.71098429301526,-17.730786529996234],[-57.72066304958409,-17.72135551394821],[-57.727437843894975,-17.721572595349954],[-57.73206771294374,-17.718555139735336],[-57.74138685223271,-17.69474744183298],[-57.74800043607328,-17.694760623983996],[-57.75181099095265,-17.69097441611135],[-57.758588850438315,-17.66810365168513],[-57.76221449913514,-17.66155725372861],[-57.775332963571394,-17.657653053831634],[-57.77698495030254,-17.65005923283952],[-57.781000636228015,-17.646066920193626],[-57.78351064151128,-17.639258255864842],[-57.78216656245611,-17.63532057562217],[-57.774075082094726,-17.62599676750779],[-57.772039180631936,-17.615322710024472],[-57.77301193207426,-17.613048664734176],[-57.7754719175479,-17.61247744052722],[-57.78111316504468,-17.61589637072537],[-57.784066480250225,-17.61138006098789],[-57.78425684546111,-17.60818904693472],[-57.75949831645929,-17.591415478998684],[-57.75798938957976,-17.588977728803112],[-57.7594763882079,-17.586164537592108],[-57.758694950564596,-17.585127729693195],[-57.752633055467776,-17.582343413022194],[-57.751293882093805,-17.579004894636896],[-57.74486123099216,-17.575418024241262],[-57.73846418609595,-17.568639782723594],[-57.7370911030296,-17.564772205822987],[-57.73816352901992,-17.561440624179358],[-57.75125891687953,-17.550683293147273],[-57.81846099720217,-17.503721987845122],[-57.88779670822663,-17.452794121300663],[-57.96954220284533,-17.51451019594815],[-57.96998413356641,-17.506374691031834],[-57.97224587225253,-17.505986583480404],[-57.98083915597198,-17.51030722605683],[-57.9970750894976,-17.515397163062573],[-58.00002548918492,-17.512796903389216],[-57.9998826188498,-17.506387948173085],[-58.00073998106534,-17.50546795656832],[-58.00692961781061,-17.506314035595338],[-58.01159659138248,-17.499220036563134],[-58.01442322145853,-17.498611922580853],[-58.01717972348676,-17.500019583486825],[-58.02292580178482,-17.495053035659424],[-58.02992761869305,-17.496532355599125],[-58.04418336241552,-17.492317731297213],[-58.04382147128885,-17.48589838479858],[-58.04655361426729,-17.474510118699904],[-58.051006195530626,-17.462612794838083],[-58.05585902601857,-17.458196903594125],[-58.06728078379113,-17.453792677397228],[-58.06761177194783,-17.45199420473239],[-58.07019209511541,-17.451136694710023],[-58.07462491968726,-17.455643628198924],[-58.092552358343156,-17.462779395888195],[-58.10609481686219,-17.454188325759745],[-58.12029809187759,-17.450234352753846],[-58.12165383393346,-17.445930344163784],[-58.11991373220985,-17.424551932143572],[-58.12280972025203,-17.41427117660531],[-58.127998531951626,-17.412117139076788],[-58.14076592612702,-17.41639964762386],[-58.151339300317076,-17.409683429774702],[-58.155525603636896,-17.40198829881915],[-58.15262392938038,-17.38899106485051],[-58.15708506299632,-17.385020451203037],[-58.16010763507535,-17.38492481407531],[-58.16948261499989,-17.38951806033412],[-58.18126714582121,-17.392120290061374],[-58.192875853401574,-17.39262936133158],[-58.199752146042286,-17.390260369470944],[-58.20127216327721,-17.387814063367568],[-58.20063234715224,-17.383344274193313],[-58.19401353899682,-17.373994576552853],[-58.193618597507616,-17.370731734227284],[-58.196039715797205,-17.366905273257427],[-58.19652088363522,-17.360479590180866],[-58.20291049490873,-17.35434953878371],[-58.20905796998883,-17.35507022343451],[-58.21905786006029,-17.36085254972296],[-58.22862988341903,-17.357208572538074],[-58.2264997370838,-17.35090224837502],[-58.229016986883245,-17.348230927913566],[-58.234084498938735,-17.351504012149565],[-58.24077479961699,-17.34958012603106],[-58.24643532631894,-17.355208235529506],[-58.248070313454576,-17.353073366128513],[-58.251334697263616,-17.355465773394762],[-58.25521635592389,-17.35403975072992],[-58.257524579694326,-17.346694030731157],[-58.26508605140834,-17.345164854518035],[-58.26256163472349,-17.334329854993513],[-58.26393755354752,-17.331458597456717],[-58.26739290544111,-17.32793011399575],[-58.276864674739954,-17.32536522282163],[-58.277873197018884,-17.32052822794189],[-58.28013536056666,-17.319404549455985],[-58.27655642089972,-17.30497144786033],[-58.278068648689114,-17.3003459218232],[-58.28550371423732,-17.299403858768436],[-58.29149826547823,-17.302657281077238],[-58.296439234766076,-17.301551946438842],[-58.29999144412296,-17.29873796788174],[-58.29737560097225,-17.291813223954843],[-58.29267825733454,-17.290177677423834],[-58.292635195313395,-17.287887002907542],[-58.2967511135836,-17.28293146654868],[-58.30237998828604,-17.28145452376789],[-58.30428634851651,-17.279255337741272],[-58.30423846430534,-17.269883634524696],[-58.30815529146502,-17.267497806330045],[-58.31628211226942,-17.268486075817002],[-58.3201778593269,-17.26570097947252],[-58.322098054098795,-17.261696603134713],[-58.319760900721924,-17.256548705352525],[-58.32053840140869,-17.253610509844652],[-58.33472265855814,-17.238938269848802],[-58.347165231357074,-17.23155039908245],[-58.354284040565055,-17.213807850973605],[-58.366573284813065,-17.201446495028627],[-58.39739343017173,-17.18637643833213],[-58.40004606804642,-17.15068548671549],[-58.399499424530724,-17.083764089996578],[-58.431330779570274,-17.06555285393102],[-58.43234974914566,-17.0598461467658],[-58.43122419614197,-17.057627706691935],[-58.42566585847841,-17.05494827365631],[-58.42202655752279,-17.050835073464132],[-58.430778074341134,-17.047567641536087],[-58.43423572837285,-17.04064150044956],[-58.43393587410192,-17.037660275486843],[-58.43092025716407,-17.035900417514338],[-58.42192925972346,-17.037967246792462],[-58.41735315215512,-17.03750939503018],[-58.418008353260134,-17.032517720341655],[-58.42089344360028,-17.02924704800336],[-58.430965559053064,-17.029710759890825],[-58.4347879391098,-17.028258943467566],[-58.43229990644449,-17.02297770876352],[-58.43506304256289,-17.00800207368972],[-58.43298555715838,-17.00476619254535],[-58.42683658462857,-17.002382437754815],[-58.423158738038,-16.988807361612068],[-58.42538582653624,-16.988193376215943],[-58.43123904859057,-16.991738170415182],[-58.4378427776252,-16.986217206750364],[-58.44492652530812,-16.985475520395365],[-58.448513511882645,-16.975986694890032],[-58.447083422486315,-16.968903197510443],[-58.44921189939651,-16.96794477165745],[-58.4556898403995,-16.96910430141917],[-58.462951252576914,-16.962474006424443],[-58.46157636722424,-16.957804698907186],[-58.46239279942386,-16.95113008589103],[-58.45802197303202,-16.946356441244525],[-58.457517180529464,-16.940071007558732],[-58.45982275907257,-16.938927218005883],[-58.468792135528,-16.942804389438592],[-58.4714381949728,-16.93954240412775],[-58.476497913222154,-16.93813645898371],[-58.47194966050219,-16.921987933725113],[-58.476980827253136,-16.91571274287177],[-58.47709563433938,-16.91372282168252],[-58.46603195652948,-16.91181603088464],[-58.460535019234534,-16.90198027176405],[-58.462837313313024,-16.899031381051987],[-58.468630054713984,-16.899214036876497],[-58.470540419213286,-16.89755447912492],[-58.46392027780276,-16.89141197971119],[-58.46918781196761,-16.884945832916742],[-58.46419005315654,-16.877716355547456],[-58.46754208461384,-16.87189678341926],[-58.46785548614772,-16.866467596531642],[-58.46009539178142,-16.8641563776169],[-58.46062924808486,-16.862335826565566],[-58.468714012873875,-16.859148770501175],[-58.461191038462005,-16.853696964905318],[-58.46194546257345,-16.85113892949871],[-58.46737635933394,-16.85163923909424],[-58.46884599878345,-16.850501600358314],[-58.46203002746357,-16.84102038651113],[-58.469945249858775,-16.833940366875588],[-58.47670084579246,-16.830612420975843],[-58.478668090594184,-16.822755101421205],[-58.476872991173515,-16.815499711382575],[-58.477532321113316,-16.81306804341568],[-58.47434194240375,-16.80732501410872],[-58.47272329317158,-16.795261666471816],[-58.469811930910446,-16.79307637250328],[-58.4609876917913,-16.795918411986765],[-58.45961130519052,-16.793896311521472],[-58.461248646456916,-16.790490992884177],[-58.45850361793776,-16.78853532432819],[-58.46053345318404,-16.785222510758324],[-58.4654999938212,-16.783177121087267],[-58.467063910003084,-16.780689670248893],[-58.46611937695691,-16.776981467462992],[-58.469479950034504,-16.77455451106803],[-58.46673772233199,-16.771290733763788],[-58.46557224200801,-16.759205067102123],[-58.46793301184211,-16.75679934364319],[-58.4671298301852,-16.753871704586142],[-58.471360895892325,-16.75028725048896],[-58.47027990050472,-16.731660736503795],[-58.46701802858096,-16.714232557334807],[-58.468911207139236,-16.71205654414597],[-58.467146150847974,-16.694889612221353],[-58.46078779916334,-16.668262612402007],[-58.45928534366475,-16.65281285123915],[-58.43515256944693,-16.594508003557713],[-58.42787241720712,-16.58667761600193],[-58.42190656555212,-16.575247010332028],[-58.4017733682357,-16.56882832120551],[-58.395014559909626,-16.564845249169935],[-58.33812927812378,-16.51628180614378],[-58.3338929699525,-16.484437080010757],[-58.342863050540146,-16.46231087866977],[-58.34791071814511,-16.457271814471596],[-58.35484859888471,-16.440391455288157],[-58.35389531447587,-16.434596721102864],[-58.35616259323208,-16.42667387456794],[-58.3526134384517,-16.41876876305811],[-58.352225393813676,-16.41209313784274],[-58.3450809726828,-16.39978195760171],[-58.345483187920536,-16.39653099818058],[-58.34759110432099,-16.395478678796415],[-58.34612868616233,-16.389865208793452],[-58.34001124834371,-16.387470441471848],[-58.334790150114216,-16.390900433549056],[-58.32789722461939,-16.38036720111345],[-58.32018463964676,-16.378122290668273],[-58.31606789174721,-16.373432472600335],[-58.30764027382742,-16.37183510136896],[-58.30958354422499,-16.361444014015454],[-58.30709543649758,-16.339028106767117],[-58.3039706620567,-16.33041625607153],[-58.303699997729126,-16.309736210325994],[-58.31740353149632,-16.292583952944113],[-58.32198715439036,-16.26600190727033],[-58.324733359132104,-16.26681984476558],[-58.32887049943293,-16.271243403157605],[-58.33921954601841,-16.27378785286365],[-58.34708249462725,-16.27444257425968],[-58.353102526634096,-16.270633234540462],[-58.3655014716845,-16.27420711876716],[-58.381936214129944,-16.267472022329528],[-58.388959655319375,-16.26284619642383],[-58.39195022688594,-16.27091636885548],[-58.390530629886165,-16.27711047711432],[-58.39154057920394,-16.286563668612885],[-58.39581648000369,-16.298787586804416],[-58.401153062534235,-16.305471986845717],[-58.4247012423342,-16.317696965208313],[-58.43114694692756,-16.32242887445684],[-59.00128022391337,-16.299391378983692],[-59.00229183029612,-16.30040851435855],[-59.13644767943833,-16.295341877208543],[-59.18409315423851,-16.29220133223069],[-59.49555156963024,-16.27925459820637],[-59.5370685693638,-16.27602964414755],[-59.81530677922075,-16.271734636696074],[-60.17345579920683,-16.263012889191508],[-60.17990173797207,-15.997673107727026],[-60.2376039029749,-15.473504778803724],[-60.4880329396525,-15.191779361351818],[-60.5748736918396,-15.09601855702095],[-60.24436403639461,-15.095314768040256],[-60.25004840547405,-14.998264929337166],[-60.25157955037345,-14.994388812262569],[-60.256431823973706,-14.879943637350488],[-60.262980920200455,-14.771992927004893],[-60.26663391704094,-14.74052411435852],[-60.267824063442994,-14.68944359955656],[-60.27217857724143,-14.622801956542206],[-60.27318531968355,-14.620386266815641],[-60.28337395791443,-14.622884302348469],[-60.29272087266346,-14.62319842608598],[-60.302540900211824,-14.61606612358147],[-60.312398441450036,-14.614872431638934],[-60.321652687860464,-14.60952108521206],[-60.327616376411015,-14.596035915528036],[-60.328948618889484,-14.58819560468517],[-60.32742709247129,-14.581116656947666],[-60.330182905937164,-14.571146275519107],[-60.32970505236507,-14.562020389076933],[-60.33548928326608,-14.548070169480107],[-60.337715120270126,-14.534726645877258],[-60.34380941517538,-14.530910773014236],[-60.342955467338406,-14.52918747907451],[-60.33695749865384,-14.529184795464465],[-60.33836028787924,-14.52599536749509],[-60.34337799233393,-14.52178591859524],[-60.34214041035534,-14.514667661439615],[-60.33931929482376,-14.51229978278442],[-60.33953271583582,-14.509450682369627],[-60.34674875068548,-14.504187843953895],[-60.34746676686692,-14.498586726477578],[-60.357489704157366,-14.484869299681256],[-60.37763565946951,-14.449449073230722],[-60.38614391151641,-14.439452648539861],[-60.39952763623397,-14.412035094584583],[-60.40048362455385,-14.404750037935008],[-60.39634449242312,-14.396814971541803],[-60.39364045963699,-14.394013230241685],[-60.381355816458644,-14.390216449576174],[-60.3805578814269,-14.388715629977442],[-60.38248866292417,-14.36764741677897],[-60.3853279704402,-14.36552628487898],[-60.3909242323412,-14.365764505533383],[-60.3941671992801,-14.356349915726616],[-60.39796312606997,-14.355470395155132],[-60.402521581580096,-14.35033519666674],[-60.4111494472175,-14.345533822119458],[-60.41982999570916,-14.32827504634596],[-60.42451752625528,-14.324690354468936],[-60.43118098439681,-14.323190368843894],[-60.44328662012781,-14.316310331552815],[-60.447335028169675,-14.305131303492233],[-60.448859100393385,-14.290758619434305],[-60.45327530931478,-14.281092728857478],[-60.45456997937457,-14.273791865300298],[-60.460411853459576,-14.263714499317812],[-60.46003997406661,-14.252572699009756],[-60.45106681321234,-14.243086375380285],[-60.45083374680129,-14.238273071648875],[-60.4525138098632,-14.235131986382497],[-60.458925540446735,-14.231430386949215],[-60.46111501551749,-14.228117620299594],[-60.46328124047361,-14.218169545364576],[-60.46463245373534,-14.196894501320942],[-60.467013438188495,-14.187479996269934],[-60.47216803390702,-14.184614927395875],[-60.481348926731044,-14.18448111915592],[-60.48209763793297,-14.182415416990777],[-60.482116034549556,-14.174213268193556],[-60.47453847762424,-14.156903711318067],[-60.47179434754339,-14.145767708171695],[-60.47170486460562,-14.134255837250196],[-60.470436240163856,-14.130781101873255],[-60.47230161192198,-14.110389606553584],[-60.4666342373336,-14.096449588969415],[-60.44766136341721,-14.079895519536931],[-60.433186396453756,-14.063020612270458],[-60.42804044198544,-14.053278534436151],[-60.426579892702584,-14.047351368338576],[-60.41152181565918,-14.026988509336844],[-60.40608205045956,-14.0093405008444],[-60.40733307078902,-13.989597974159382],[-60.41088965881426,-13.983639566224424],[-60.427678519283404,-13.967308862955194],[-60.43704774657776,-13.943383701808463],[-60.44207042101519,-13.934285581652626],[-60.44478787289009,-13.91541377086619],[-60.44225304428956,-13.904765592659727],[-60.4438161886635,-13.88976041187596],[-60.44666010236643,-13.884694235637971],[-60.45165183800176,-13.884660783265632],[-60.45352767685028,-13.882402264724378],[-60.45007300994333,-13.867596420273207],[-60.45072645059115,-13.857000001973416],[-60.45856221532812,-13.854369244443996],[-60.469591069703306,-13.854064648961382],[-60.471966757893206,-13.851744889017512],[-60.470805968931636,-13.847273714665773],[-60.46757433047835,-13.843569912633411],[-60.466981720267405,-13.837752862858386],[-60.46779354238289,-13.8360977654271],[-60.47228985860926,-13.835149020658752],[-60.47368805549677,-13.832773915274297],[-60.46992772936026,-13.83023662932664],[-60.46659103134379,-13.83016911471496],[-60.462164112625786,-13.823659648146789],[-60.462414871639254,-13.811938329255655],[-60.45925192022292,-13.804129065045343],[-60.46060412484612,-13.79925508606715],[-60.46600477916961,-13.796940157368995],[-60.48637712173372,-13.79528391331287],[-60.5002687820628,-13.78965809359852],[-60.50364377556338,-13.793301419671176],[-60.50315639975931,-13.796203562480622],[-60.50428300820327,-13.796946736994284],[-60.510428341391815,-13.793288467286322],[-60.52139359541304,-13.795554648973605],[-60.52846579451502,-13.794666613179372],[-60.52796575459773,-13.791344694589567],[-60.52116708548933,-13.785364528818631],[-60.51851248031036,-13.779773115018132],[-60.51826312539898,-13.773732269383041],[-60.521003112327435,-13.77085942795012],[-60.525489881175716,-13.770309221407926],[-60.53226106763924,-13.772646817797805],[-60.54641276837033,-13.769256029060282],[-60.54889148073592,-13.77263335664872],[-60.546333003107584,-13.782311345446372],[-60.54824092367827,-13.783022933999609],[-60.55143375752047,-13.78172801639189],[-60.55898277287614,-13.77088248432151],[-60.570819759438535,-13.768632057806949],[-60.57059565357534,-13.766464050989411],[-60.56702752055935,-13.762359300320535],[-60.5669810702101,-13.759457870896528],[-60.56865947244365,-13.758432716127276],[-60.57638357668662,-13.758790949497088],[-60.57907722961319,-13.75718956011812],[-60.5757161817886,-13.751318724080628],[-60.57649465270495,-13.746410047045474],[-60.58689958898917,-13.747727258619333],[-60.589315489988245,-13.7430040999],[-60.59163606330459,-13.742769158502908],[-60.59820717087103,-13.74740936827382],[-60.606261811818044,-13.747583666407612],[-60.60599055409128,-13.736147923527406],[-60.60815763794924,-13.73611143597274],[-60.61016742496179,-13.739209528220195],[-60.611537720098255,-13.73838566307449],[-60.60942839867575,-13.727080066457473],[-60.61236169484216,-13.724557128167989],[-60.61907777675587,-13.724371333806493],[-60.620947034081865,-13.7169870454077],[-60.625578143894394,-13.719128256005506],[-60.63021226212212,-13.724957981226202],[-60.63958364621495,-13.725459542410698],[-60.64288878800747,-13.733404346802667],[-60.64575085643719,-13.73572203343417],[-60.649811321496664,-13.733848943256453],[-60.65177054290897,-13.728185948288916],[-60.654690614093916,-13.728290575059452],[-60.655808721449596,-13.730831287206522],[-60.655083841326466,-13.734563005919318],[-60.656257886998084,-13.735305722926947],[-60.67125423719368,-13.722227770517934],[-60.67828542683015,-13.719628768364176],[-60.683298509907964,-13.715453506316875],[-60.686433202506166,-13.710025466455376],[-60.68823172498192,-13.69827487987064],[-60.69036104470113,-13.696208634085236],[-60.695722862861,-13.697844280241442],[-60.696082544985344,-13.701488419898409],[-60.69368441837214,-13.710608419796175],[-60.6944250079102,-13.713378019446418],[-60.69583724098494,-13.713568207784474],[-60.704938666894584,-13.701293637216425],[-60.70686930604429,-13.691295472272822],[-60.70866551263398,-13.689919351127875],[-60.71982449194781,-13.690747596572548],[-60.7403973542681,-13.682574164373582],[-60.75566985664615,-13.687139172443183],[-60.763392191207025,-13.68620412775786],[-60.771437639115184,-13.679492520072332],[-60.76959711677869,-13.667004120031665],[-60.773500816890476,-13.660458312113564],[-60.78217249997168,-13.658186385047086],[-60.78779419250761,-13.654791144932874],[-60.80194299475147,-13.656333235560068],[-60.81042528698008,-13.654198097153634],[-60.813321444655,-13.650328003425303],[-60.813116107725236,-13.645982091310769],[-60.816063897635004,-13.641418814768533],[-60.81647029733805,-13.637029335019344],[-60.82310186153592,-13.630263188360123],[-60.83804169914321,-13.625982188767525],[-60.841750046019456,-13.627107341226017],[-60.84721910806456,-13.632215194543127],[-60.8495697282158,-13.632410005440141],[-60.860721967095635,-13.624737194152656],[-60.87783327288553,-13.619168376729016],[-60.8803407275807,-13.616959802665827],[-60.889824067723914,-13.598091957968181],[-60.90285502926297,-13.590378157582803],[-60.910328320693466,-13.583797370777981],[-60.92337203364161,-13.566467139454472],[-60.92529209683832,-13.560326394745212],[-60.92508746576943,-13.555517997663733],[-60.92393004409235,-13.55264745576382],[-60.91780232105767,-13.547538725171924],[-60.91872750671509,-13.542549819475544],[-60.92958258509775,-13.538345628659352],[-60.93299985044213,-13.538675525384045],[-60.94194012087987,-13.545227636733879],[-60.94656246846643,-13.550515066696542],[-60.956809411564734,-13.551246975542162],[-60.96082107324065,-13.548904309038088],[-60.965128482779036,-13.536716078075015],[-60.97219338183805,-13.534846719395786],[-60.97874848158355,-13.539447277984005],[-60.98666571535444,-13.536609807295816],[-60.988060961302644,-13.539157423407042],[-60.98582082643766,-13.54409580141561],[-60.98758494376179,-13.546040018123593],[-60.99633046758656,-13.548063037215394],[-61.001823532846906,-13.552167839793592],[-61.00692406535641,-13.551251977469567],[-61.0083342682641,-13.548983130388157],[-61.007472336212416,-13.543967001790511],[-61.00896697521289,-13.536830317880186],[-61.0125403299125,-13.530012987702564],[-61.012079845414675,-13.52571200360054],[-61.006862360237264,-13.525555753355087],[-61.001683679730085,-13.532605270709572],[-60.99973705852443,-13.530944858991854],[-60.99968584517132,-13.527363952515445],[-61.00972061477671,-13.515977589055348],[-61.01074352212336,-13.509209730426983],[-61.006335315156704,-13.50231120509707],[-60.997972609715774,-13.501793660316439],[-60.99339259605633,-13.505013414038034],[-60.99071825305346,-13.504079296475355],[-60.98927610143072,-13.501531544044818],[-60.98962876578861,-13.493949186850971],[-60.99344797338057,-13.48953234303468],[-61.01188293209302,-13.484917479536316],[-61.024374780269866,-13.479617969800382],[-61.045087796397915,-13.475763080924894],[-61.05351138515404,-13.480743496082335],[-61.05477037059989,-13.484923951863257],[-61.054141310379265,-13.490119010653343],[-61.0415939039105,-13.497386382141228],[-61.03936144511463,-13.499610434720397],[-61.038828417610276,-13.503507797864964],[-61.042192110365896,-13.507783673633442],[-61.05448172118725,-13.512045879356824],[-61.06042800038322,-13.510379486572086],[-61.06328764892172,-13.502227359852812],[-61.06573793574654,-13.500152031341015],[-61.08211740153308,-13.498521510088244],[-61.087856134699884,-13.500133034684412],[-61.08935868132239,-13.493817007715512],[-61.092092933594095,-13.493173967999104],[-61.098726886236605,-13.509533877391364],[-61.106016496682095,-13.515505471023568],[-61.105749691426254,-13.521490202197493],[-61.10248797610486,-13.523712598039781],[-61.10582325516988,-13.531018864146391],[-61.11417478510523,-13.527966013424306],[-61.12374039878105,-13.520077170751952],[-61.130545225835604,-13.521353647348286],[-61.13675439805261,-13.528937656747706],[-61.139917209665136,-13.528333305720261],[-61.141329486560295,-13.52671946639755],[-61.1413176856183,-13.5226685290296],[-61.1393077390564,-13.513649719713436],[-61.1427499450704,-13.511755825406011],[-61.14615678339003,-13.513912931239789],[-61.14739531676758,-13.517501204199354],[-61.14521151295912,-13.529796388991064],[-61.15008012787763,-13.531030015550014],[-61.152811047484704,-13.52812462939231],[-61.15449063944915,-13.5211242101808],[-61.15778320855229,-13.516560424092825],[-61.17226508808262,-13.51068530758531],[-61.17903263225292,-13.515136937335823],[-61.18215027347979,-13.515268653520804],[-61.18346702257195,-13.513424562287044],[-61.18199037548281,-13.509376538848992],[-61.18316055342331,-13.505967555448182],[-61.185808508686904,-13.506974851511275],[-61.187145824964624,-13.51175970303836],[-61.1906539295502,-13.51594157921073],[-61.189909730035566,-13.519625924693388],[-61.184349091723895,-13.523734534475116],[-61.18431111767066,-13.526726863703162],[-61.19354903594837,-13.53550038227774],[-61.20024810059938,-13.532862305022784],[-61.20905448435902,-13.52455714817796],[-61.22092732144148,-13.529871404845482],[-61.22517961142419,-13.530230295309673],[-61.235414453498485,-13.525649832604723],[-61.23826806496961,-13.517310834108285],[-61.24510548610395,-13.513934527611768],[-61.245476080839026,-13.511769966087614],[-61.24228418633494,-13.503582866756245],[-61.24329743670175,-13.499654360473654],[-61.26055906703744,-13.494085399540898],[-61.26949040045685,-13.498620314040641],[-61.27520424124537,-13.504953158464792],[-61.27934615921468,-13.504835833997051],[-61.285398104038094,-13.501800867147393],[-61.28899423157376,-13.497207097683015],[-61.2933612511495,-13.496864997752853],[-61.29970903056387,-13.49968142354526],[-61.30013692265585,-13.504399305020707],[-61.30209644302706,-13.506588067799816],[-61.30488006796872,-13.506593795590947],[-61.3120044825788,-13.502975152641215],[-61.335177244404996,-13.504491143412265],[-61.33905616713282,-13.507095996105365],[-61.340678124463125,-13.510084057168301],[-61.34070370700748,-13.516884922271819],[-61.35299923051278,-13.521213551684239],[-61.38123321296309,-13.519235287168838],[-61.39126658695401,-13.519908308342119],[-61.39877097297248,-13.522396485360764],[-61.40397741927039,-13.526098870513623],[-61.403594391202994,-13.5380026116641],[-61.41032566782478,-13.537727838921585],[-61.43920945111898,-13.546623960625945],[-61.449007567997974,-13.547111874573945],[-61.46950132911685,-13.55458481031163],[-61.47679790360467,-13.554258323107602],[-61.49064049214925,-13.547889662541044],[-61.50687925314415,-13.548857294652104],[-61.51027293486237,-13.547413819671315],[-61.51362907070716,-13.543711230814823],[-61.51802526454137,-13.532963923869454],[-61.5279301739392,-13.529752505801804],[-62.13923997337149,-13.762356725007239],[-62.70489210268712,-13.97580316606196],[-63.090682181363015,-14.120408484080746],[-63.561211779293295,-14.295919268929334],[-63.97501202196729,-14.728386463618213],[-63.97410389393824,-14.732157253409204],[-63.97846539319973,-14.736374757831259],[-63.97354054636441,-14.739783390883874],[-63.96737954418354,-14.741342601463012],[-63.968585166333476,-14.74396529437608],[-63.967650439281535,-14.74828830286655],[-63.96270977397071,-14.751691783898222],[-63.95896989987026,-14.757726691287862],[-63.95596219115697,-14.758611765375038],[-63.95340296788749,-14.756499275744615],[-63.94355532070268,-14.75861251965843],[-63.9425420350353,-14.763093710624728],[-63.93209134392379,-14.766501934242191],[-63.926372333604334,-14.772142036035438],[-63.926190276536694,-14.78050812646706],[-63.930084200912525,-14.78717073285881],[-63.93044928013173,-14.79210774106968],[-63.93282791812062,-14.79450400453822],[-63.93052555338771,-14.799753856811657],[-63.927412455941926,-14.80274322243301],[-63.93098397936107,-14.80697042503821],[-63.93101293548444,-14.814838136991435],[-63.932899841648286,-14.82207881199856],[-63.935126234404045,-14.826065843710987],[-63.9370434778746,-14.826772495983418],[-63.93780749819566,-14.831207030616254],[-63.936727202686434,-14.832603333123648],[-63.939856534460496,-14.836950153796922],[-63.940434661330784,-14.840213123614818],[-63.937732644901516,-14.841311460424587],[-63.937306660123575,-14.846080563314343],[-63.94019082823334,-14.853013688551817],[-63.9438006165965,-14.853465355884419],[-63.942280785659214,-14.859377463901966],[-63.94485185468658,-14.865880151691533],[-63.94509289008649,-14.871092464672317],[-63.94377670524289,-14.872786016181925],[-63.94694825340076,-14.87713477232485],[-63.94657560203482,-14.880700800351763],[-63.94181270688641,-14.887349515333801],[-63.939187762532704,-14.89615814181172],[-63.94235310554201,-14.898486940065512],[-63.945731462941794,-14.904807540376117],[-63.940279211658186,-14.910358002037869],[-63.942248573815625,-14.915391484634197],[-63.93944043289947,-14.913952827717223],[-63.93850563350229,-14.914928311656892],[-63.93878563127064,-14.92014460551979],[-63.94403462353761,-14.928180977475423],[-63.93892219389514,-14.933671092113263],[-63.93532547271665,-14.933100783222395],[-63.93317575287051,-14.936992340333797],[-63.93565253355639,-14.939280820889165],[-63.93310417333524,-14.940536010042313],[-63.93232125122702,-14.946558831525367],[-63.929486430139285,-14.94793724309825],[-63.92859473842016,-14.950139868323573],[-63.93434592894291,-14.954994343342163],[-63.92932000822588,-14.957704347377918],[-63.92281416285172,-14.967580197067685],[-63.924860030707116,-14.982689048213524],[-63.92133607696408,-14.98867959021056],[-63.923548896197,-14.992620687612943],[-63.921908550861964,-15.000596175192458],[-63.92426894473539,-15.002366146120236],[-63.93100720464117,-15.00317528997198],[-63.93094892906072,-15.009497803616254],[-63.940449096060995,-15.013008588447905],[-63.940613080308154,-15.014289737400253],[-63.93873247136732,-15.019558900710459],[-63.9342857015243,-15.021298317860774],[-63.93025675088532,-15.026892502042264],[-63.92361037452485,-15.02648012175741],[-63.91778151998137,-15.032681243449284],[-63.930956134796375,-15.040097593558786],[-63.942450127323106,-15.053619453901321],[-63.961478032509795,-15.06188806352152],[-63.96360650507013,-15.069010992935459],[-63.95747082714671,-15.068998342970117],[-63.956044647248795,-15.07329643585412],[-63.95407045232259,-15.07470712974773],[-63.952439412871094,-15.079200261637835],[-63.954496797049934,-15.080561551274405],[-63.95791898154208,-15.080014082087532],[-63.95814186241841,-15.08281749908563],[-63.946813095845485,-15.092541608701113],[-63.95163294419019,-15.101772466362737],[-63.94822776272237,-15.103389625729955],[-63.94514588408386,-15.102554215594042],[-63.941582559209316,-15.109969657554077],[-63.94465794854682,-15.11589341018614],[-63.940581917642554,-15.122307769388508],[-63.9400247859988,-15.127369204658345],[-63.944524713146684,-15.132479645367978],[-63.93975584757296,-15.136674094169154],[-63.94315389408655,-15.140991673558277],[-63.939303505304515,-15.142900881220376],[-63.94014991872245,-15.147471270825905],[-63.93774064063226,-15.14982870180238],[-63.94362021850608,-15.159985746052405],[-63.93970829149415,-15.159371983307688],[-63.93467281568139,-15.169448204295053],[-63.92888740760762,-15.164930013259257],[-63.92560078561768,-15.164054817905912],[-63.92342387911702,-15.159350712543072],[-63.918129915685654,-15.160704515406929],[-63.91667322273744,-15.165937671584038],[-63.91518416117831,-15.166897288429668],[-63.91237499387252,-15.166389979084647],[-63.90843304397295,-15.162284618341202],[-63.906171595644174,-15.16900584870796],[-63.90138760857386,-15.166351879664495],[-63.900220779453335,-15.175531683125163],[-63.897846175868814,-15.176418573555859],[-63.894639633925735,-15.173958269742291],[-63.89288474391847,-15.174862295632794],[-63.88725361794531,-15.184841980814499],[-63.887422168767145,-15.187550498711841],[-63.889882251805666,-15.190514541253295],[-63.884129217350264,-15.19177968523798],[-63.88312858405067,-15.1967627546136],[-63.88480957822626,-15.198602740628706],[-63.892154816851146,-15.19642873807899],[-63.89129886339006,-15.20210498545663],[-63.895379523679736,-15.205777938378526],[-63.89524145715876,-15.210038790286715],[-63.892431779819,-15.21066965944292],[-63.88874003607265,-15.205604444086527],[-63.88367477595233,-15.214371798759538],[-63.88408603012589,-15.218378074778913],[-63.882879587790256,-15.220061672954186],[-63.87617674955825,-15.218880735749272],[-63.858515825467435,-15.226959163891616],[-63.867013663333,-15.235617835692148],[-63.86085520767654,-15.241849135032135],[-63.8610288112962,-15.243920537893016],[-63.86648128781484,-15.249030534397798],[-63.862526261243616,-15.256410336200252],[-63.8674416618721,-15.255215362832706],[-63.87127642169014,-15.263722432263469],[-63.87018345271233,-15.265177028366326],[-63.86360436742572,-15.261328472047628],[-63.86188142095667,-15.262079790583991],[-63.86105547708764,-15.264512172699538],[-63.86401446479299,-15.271246973219208],[-63.863034488756135,-15.272442279095442],[-63.85635806338456,-15.268771759136],[-63.853135542443624,-15.269374203995332],[-63.85588910075787,-15.276710148833414],[-63.85281350811642,-15.280525483112948],[-63.85517991708875,-15.285482234560108],[-63.851549539740944,-15.29302454246527],[-63.85635461536358,-15.302338595375007],[-63.846973930629076,-15.31454109884499],[-63.842215390726516,-15.318603285264407],[-63.8424557405391,-15.325663779565799],[-63.834834830988655,-15.32478329289245],[-63.831978944638585,-15.326978629673613],[-63.831580872389466,-15.328532383751279],[-63.836681643676236,-15.331687203899156],[-63.8323053484399,-15.338586453636003],[-63.837527120777544,-15.34051327601472],[-63.837679109266624,-15.342561234082472],[-63.83432398027457,-15.345176152381432],[-63.83426935267097,-15.349306721957676],[-63.83182761565191,-15.352988057853443],[-63.82643019067712,-15.351675545633556],[-63.82238535827939,-15.35310758100997],[-63.81926087108864,-15.35252137458568],[-63.816872394410865,-15.354836975145867],[-63.824655181415864,-15.358014825957076],[-63.82452081340092,-15.359746453705823],[-63.804731763280934,-15.3684842299569],[-63.797147560790904,-15.368420182211304],[-63.80073987242085,-15.375125378017183],[-63.791363375968864,-15.38066988482206],[-63.79169662895114,-15.385477992739292],[-63.78606451855459,-15.385742700674063],[-63.78293361882223,-15.39063713358014],[-63.78100440130254,-15.390845455377287],[-63.78135503147161,-15.38915443206382],[-63.7783601581469,-15.39071561754187],[-63.7757151805925,-15.396484682180498],[-63.775164471374715,-15.403220955847283],[-63.78476759501607,-15.399678506079182],[-63.78937789480813,-15.40430007097192],[-63.78898620269997,-15.40545559312748],[-63.7871423742345,-15.405922435518802],[-63.78350046605778,-15.403967426623764],[-63.77992800988343,-15.405145441530452],[-63.77916762440298,-15.407167571360523],[-63.790122451976856,-15.413030787166546],[-63.79371765556165,-15.418495314566636],[-63.79844621540746,-15.42005273643757],[-63.79416354965965,-15.423499528616267],[-63.79372001951033,-15.42836522808698],[-63.78797820052135,-15.43595811701338],[-63.783488051163864,-15.439313653315887],[-63.78423272123916,-15.437820209133077],[-63.78061742016909,-15.43639411844274],[-63.77714151102964,-15.438439998063123],[-63.765101988795095,-15.438208473870505],[-63.76282442647369,-15.441739236389571],[-63.766096976002835,-15.449148014194423],[-63.76577899949664,-15.453484392566095],[-63.76116664672954,-15.45147155655596],[-63.75543434658699,-15.456025483736378],[-63.75347342773498,-15.460568335081613],[-63.753401210806544,-15.469304912474433],[-63.75130530013299,-15.47261892751398],[-63.74894500351182,-15.470520565022836],[-63.748985789005204,-15.465853193280497],[-63.74631492795954,-15.457807955289669],[-63.74283511438794,-15.455041728696814],[-63.74169708845373,-15.455645667017324],[-63.743989412753095,-15.461336450589078],[-63.743446750652325,-15.465256883035403],[-63.7328816426302,-15.469165700107377],[-63.73567126637828,-15.464332926354638],[-63.73462925903077,-15.459960974800344],[-63.736922919622714,-15.455503053299244],[-63.73111099563584,-15.452978111464608],[-63.72825234219787,-15.454671546812557],[-63.7266325613335,-15.459698581523993],[-63.72241349615308,-15.46113742220073],[-63.72270568552125,-15.463586013375528],[-63.7253451875938,-15.46568016622417],[-63.7183361844187,-15.46995695498242],[-63.71741981251635,-15.475420331477538],[-63.7120744546656,-15.481275515277835],[-63.71349739813372,-15.483885255310978],[-63.71209391995444,-15.489925423468973],[-63.70676751567467,-15.488715395380668],[-63.69983328762558,-15.482936715699589],[-63.69737412853482,-15.48469118199006],[-63.6964566959459,-15.49552768799086],[-63.69500085541554,-15.495033019254132],[-63.695266596114415,-15.491461570351026],[-63.69309187617046,-15.48937813637564],[-63.68044008284103,-15.49728719705171],[-63.68009264699694,-15.500251737281454],[-63.689898930147244,-15.509351321875284],[-63.678082876642534,-15.516225413409233],[-63.67943376783673,-15.518021082749653],[-63.68788399886373,-15.519563306471804],[-63.69075065988696,-15.52272249863381],[-63.682755251909846,-15.529406376862829],[-63.680969801605976,-15.53614045405097],[-63.682011965628256,-15.537454399010384],[-63.68597034864384,-15.532548883510175],[-63.68983538829955,-15.533589353529829],[-63.689068547124364,-15.541226812469242],[-63.69336507341431,-15.553798074950906],[-63.68462746724825,-15.564697103917],[-63.690287278158145,-15.568654221475073],[-63.693210498381454,-15.575400955864014],[-63.69273024568366,-15.581175498860054],[-63.69033084655708,-15.581599244876019],[-63.690349037411146,-15.57631668008784],[-63.68573247982045,-15.57395640832838],[-63.68148429808579,-15.575174034141446],[-63.67790822834955,-15.582177886556456],[-63.67661729873852,-15.576914635037218],[-63.671422555685645,-15.571353667059826],[-63.6698683897354,-15.572825375398223],[-63.667670317139375,-15.58246057061555],[-63.66370862420727,-15.581453925724107],[-63.659228996467135,-15.577800406341344],[-63.65661899706031,-15.578729761526864],[-63.65157320335674,-15.583652885316743],[-63.65347842677462,-15.585185603520388],[-63.65502295139668,-15.583282819542363],[-63.65752771554149,-15.583507642678383],[-63.656664392973745,-15.58575702973962],[-63.64293300173866,-15.594170438533093],[-63.64827792496596,-15.597268833755349],[-63.64436395638801,-15.60154775595369],[-63.64739549921296,-15.605147758323588],[-63.64650726747742,-15.609260824196367],[-63.63449094089796,-15.609411727886355],[-63.63456692672359,-15.613961360023874],[-63.63205645309577,-15.619470722797244],[-63.63899125950338,-15.619517287918248],[-63.641529705401126,-15.621532509938527],[-63.64199359044972,-15.624508454163175],[-63.63948556660219,-15.626630238306136],[-63.63443959699648,-15.624698811843905],[-63.63214164015922,-15.625565827749819],[-63.630627301729184,-15.628196298607131],[-63.63203736603797,-15.632054351247424],[-63.62382066834426,-15.637660257631678],[-63.622115190454146,-15.636949260361375],[-63.6213615880018,-15.633495937351514],[-63.61736526491148,-15.631684089827589],[-63.59763615743301,-15.637997218909137],[-63.59747245773734,-15.635155434816559],[-63.59924829231087,-15.632474565945751],[-63.59812774145263,-15.628825761837293],[-63.59206968669239,-15.632079563566323],[-63.58288323288683,-15.634021608926139],[-63.58193218495708,-15.636220014350952],[-63.586278970115124,-15.636726829451062],[-63.5847967069661,-15.646640201827386],[-63.57297782605535,-15.652971182707374],[-63.57963052318702,-15.66090039405231],[-63.57404528433161,-15.665256392441949],[-63.56691445185786,-15.666660122477358],[-63.567691301836255,-15.662507420425706],[-63.56599167006653,-15.658930158973048],[-63.55210475976094,-15.659998782119375],[-63.55337316391491,-15.655396542808484],[-63.549052947193836,-15.65132905938543],[-63.543530885938196,-15.652411901260175],[-63.54109264248741,-15.654696103275532],[-63.53860719662318,-15.658964302853216],[-63.53755643838685,-15.665198050049698],[-63.52731338515164,-15.658008168938506],[-63.52516639555496,-15.654900192562957],[-63.52295571165218,-15.658175700426655],[-63.52415655464078,-15.662478148877144],[-63.51595242740819,-15.662441705432704],[-63.512194971621675,-15.665500252121953],[-63.51309100668658,-15.67485871816051],[-63.50781602508492,-15.682797927090073],[-63.50367820949413,-15.680995995378497],[-63.50107381867229,-15.683733349479487],[-63.50052179180549,-15.686686492120936],[-63.492296222370484,-15.687702427202774],[-63.49701618852432,-15.694817159645256],[-63.489021843266094,-15.698739107889734],[-63.49163457571,-15.701986605072102],[-63.491427188319186,-15.70652485592686],[-63.48748899847287,-15.706018247939566],[-63.48199206968836,-15.702297034699795],[-63.48179959969997,-15.70010291319389],[-63.47544380436522,-15.706356646775541],[-63.47420036362498,-15.710097533886733],[-63.4750053706446,-15.712480586412978],[-63.48311494966758,-15.71812807153937],[-63.4817637927169,-15.720898770891809],[-63.4754197164691,-15.716496964861646],[-63.47209693552786,-15.719109229061177],[-63.471046829473835,-15.734617909070723],[-63.46962637822681,-15.735021994365992],[-63.46236859229066,-15.729248008794281],[-63.46129112072917,-15.731917290959627],[-63.45530058250121,-15.73330061040564],[-63.45764998910505,-15.740391865591628],[-63.44598000012482,-15.74205832204135],[-63.44298140321013,-15.736550082053045],[-63.43434295033782,-15.742970340364435],[-63.44099934519562,-15.748246070797931],[-63.42925327775088,-15.7490922154473],[-63.43235474356199,-15.754615839170425],[-63.43981451677935,-15.757749820429554],[-63.44221777853322,-15.760538667001809],[-63.442018383892865,-15.763769519342938],[-63.4365307892793,-15.759573993253992],[-63.431931250908065,-15.760370915857811],[-63.42977849778759,-15.762847374360165],[-63.431327401526545,-15.764630369762509],[-63.43690671151824,-15.76504029029203],[-63.44007981801269,-15.768093797247138],[-63.43497133262616,-15.775427220660196],[-63.43521649224144,-15.778994361484697],[-63.44205957121824,-15.776406945035246],[-63.445110382264694,-15.778253031743281],[-63.440549862765586,-15.78203735768283],[-63.43827749324362,-15.780042164288153],[-63.438116956848326,-15.783598603206714],[-63.43025140784999,-15.787904456075639],[-63.42937002168984,-15.79205271037881],[-63.432832076746166,-15.793530450701896],[-63.436378972033594,-15.788187397824158],[-63.440123047819355,-15.788765507534483],[-63.439052601640995,-15.801447188794091],[-63.43092716770926,-15.807777021796019],[-63.43267298764365,-15.80900505037298],[-63.440414280940885,-15.808981853131252],[-63.44125832015514,-15.813745244854625],[-63.43785118711091,-15.816754549382237],[-63.435171331255106,-15.817110795959541],[-63.43433100843729,-15.819626440697663],[-63.442200410765196,-15.819601236420064],[-63.444247635075094,-15.824835301373072],[-63.44031462483699,-15.82778239536725],[-63.42949352898685,-15.825835429954536],[-63.42998883343107,-15.83195105591174],[-63.42533043124573,-15.835312943528033],[-63.42236916489929,-15.835740336618462],[-63.42133115652839,-15.838017536971014],[-63.428557450063856,-15.841298405991209],[-63.42888945679334,-15.84512647211974],[-63.41616097363706,-15.85286639641775],[-63.41450066824656,-15.851860259973547],[-63.41211797830512,-15.84380346413444],[-63.409579800729624,-15.84188467751063],[-63.40485688365078,-15.843180324747683],[-63.399836850113914,-15.84718390316394],[-63.399433648441864,-15.85085552837092],[-63.40793493205742,-15.848104823509432],[-63.41050163517325,-15.858334239682312],[-63.39402255095391,-15.854804090316774],[-63.390180838393576,-15.856449734879172],[-63.388421439801164,-15.8588894225118],[-63.386772715077036,-15.856930072646245],[-63.38559872532727,-15.861416043612051],[-63.38944800875865,-15.863311322011695],[-63.38391629181601,-15.865861246350308],[-63.3867839144081,-15.868296387875711],[-63.38951344751706,-15.874573535071166],[-63.381868433265005,-15.880525684453426],[-63.38061654866049,-15.883927338201795],[-64.48695787919354,-15.825147892647449],[-64.72966075097527,-15.80201121035528]]]}}